step_id,actor,screen,action,command_or_query,guard,data_objects,event,audit,error_codes,test_id
MCP-01,Platform Owner / Tenant Admin,Client Provisioning Wizard / Start,Choose tenant and provisioning mode,GET /tenants/{tenantId}/provisioning-context,tenant_admin_or_platform_owner,"tenant, tenant_feature_config",provisioning.context_viewed.v1,audit.provisioning.context_viewed,"PB_ERR_TENANT_NOT_FOUND, PB_ERR_ACCESS_DENIED",MCP-T001
MCP-02,Platform Owner / Tenant Admin,Client Identity Step,Enter client profile and contact channel,POST /tenants/{tenantId}/clients:provision-draft,tenant_write_allowed,"client_profile_draft, provisioning_session",client.provisioning_draft_created.v1,audit.client.provisioning_draft_created,"PB_ERR_CLIENT_DUPLICATE, PB_ERR_INVALID_CONTACT",MCP-T002
MCP-03,Platform Owner / Tenant Admin,Coach Assignment Step,Assign primary coach and optional support coach,PUT /tenants/{tenantId}/clients/{clientId}/coach-assignment,coach_belongs_to_tenant,"coach_assignment, client_ownership",client.coach_assigned.v1,audit.client.coach_assigned,PB_ERR_COACH_NOT_TENANT_MEMBER,MCP-T003
MCP-04,Platform Owner / Tenant Admin,Commercial Gate Step,"Select plan, paid state, manual bypass or no-charge grant",POST /tenants/{tenantId}/clients/{clientId}/commercial-gate,requires_reason_for_bypass,"commercial_gate_snapshot, entitlement_request",client.commercial_gate_set.v1,audit.client.commercial_gate_set,"PB_ERR_BYPASS_REASON_REQUIRED, PB_ERR_PLAN_NOT_AVAILABLE",MCP-T004
MCP-05,Platform Owner / Tenant Admin,Journey Assignment Step,Assign journey/program/template or cohort,POST /tenants/{tenantId}/clients/{clientId}/assignments,published_version_or_template_required,"assignment, enrollment_seed, cohort_membership",journey.assigned.v1,audit.journey.assigned_manual,"PB_ERR_JOURNEY_NOT_PUBLISHED, PB_ERR_TEMPLATE_NOT_CLONED",MCP-T005
MCP-06,Platform Owner / Tenant Admin,Onboarding Trigger Step,Choose onboarding flow and send invite,POST /tenants/{tenantId}/clients/{clientId}/invite,consent_channel_required,"client_invite, onboarding_assignment",client.invite_sent.v1,audit.client.invite_sent,"PB_ERR_INVITE_CHANNEL_MISSING, PB_ERR_CONSENT_REQUIRED",MCP-T006
MCP-07,System,Access Activation,Request Core access allow,POST /core-access-requests,core_available,"core_access_request, entitlement_delivery_rule",core_access.requested.v1,audit.core_access.requested,"PB_ERR_CORE_UNAVAILABLE, PB_ERR_ENTITLEMENT_DENIED",MCP-T007
MCP-08,System,Delivery Materialization,Create delivery plan and member-home projection,POST /delivery-plans:materialize,assignment_active_and_core_allowed,"delivery_plan, member_home_projection",delivery.plan_materialized.v1,audit.delivery.materialized,PB_ERR_DELIVERY_MATERIALIZATION_FAILED,MCP-T008
MCP-09,Platform Owner / Tenant Admin / Coach,Provisioning Review,"Verify access, first login, next step and setup health",GET /tenants/{tenantId}/clients/{clientId}/provisioning-status,tenant_scope,provisioning_status_projection,client.provisioning_verified.v1,audit.client.provisioning_verified,PB_ERR_PROVISIONING_INCOMPLETE,MCP-T009
