Screen ID,Surface,Screen Name,Purpose,Capabilities,Primary Data,Primary API,Happy State,Loading State,Empty State,Error State,Forbidden State,Success State,Audit / Telemetry,Accessibility Baseline,Security Constraint
PUB-001,Public,Landing / Offer Context,Prospect understands the offer and conversion path,B-019|B-021|B-017,lead|prospect;booking_request|discovery_call;plan|bundle|offer|entitlement_activation_ref,/leads;/booking-requests;/offers,Landing / Offer Context renders tenant-scoped actionable content with current projection timestamp.,Skeleton with tenant/app chrome; no stale cross-tenant content; cancellable/retry-safe fetch.,Explains why no data exists and offers role-appropriate next action; no fake demo content.,Displays safe message with correlation_id; admin/coach details only in privileged surfaces.,Access denied state; explains missing permission/entitlement without leaking resource existence.,"Confirms action, updates projection or list, emits audit/telemetry where applicable.",screen_view; action_attempt; action_success/failure; correlation_id; tenant_id; actor_ref.,WCAG 2.2 AA target; keyboard reachable; visible focus; form errors tied to fields; no color-only state.,All reads/writes scoped by tenant_id + actor_ref; privileged support requires support_session_ref.
PUB-002,Public,Lead Intake,Prospect submits qualified lead data,B-019,lead|prospect,/leads,Lead Intake renders tenant-scoped actionable content with current projection timestamp.,Skeleton with tenant/app chrome; no stale cross-tenant content; cancellable/retry-safe fetch.,Explains why no data exists and offers role-appropriate next action; no fake demo content.,Displays safe message with correlation_id; admin/coach details only in privileged surfaces.,Access denied state; explains missing permission/entitlement without leaking resource existence.,"Confirms action, updates projection or list, emits audit/telemetry where applicable.",screen_view; action_attempt; action_success/failure; correlation_id; tenant_id; actor_ref.,WCAG 2.2 AA target; keyboard reachable; visible focus; form errors tied to fields; no color-only state.,All reads/writes scoped by tenant_id + actor_ref; privileged support requires support_session_ref.
PUB-003,Public,Discovery Booking,Prospect books discovery call,B-021|B-026,booking_request|discovery_call;calendar_connection|calendar_event_ref,/booking-requests;/calendar-integrations,Discovery Booking renders tenant-scoped actionable content with current projection timestamp.,Skeleton with tenant/app chrome; no stale cross-tenant content; cancellable/retry-safe fetch.,Explains why no data exists and offers role-appropriate next action; no fake demo content.,Displays safe message with correlation_id; admin/coach details only in privileged surfaces.,Access denied state; explains missing permission/entitlement without leaking resource existence.,"Confirms action, updates projection or list, emits audit/telemetry where applicable.",screen_view; action_attempt; action_success/failure; correlation_id; tenant_id; actor_ref.,WCAG 2.2 AA target; keyboard reachable; visible focus; form errors tied to fields; no color-only state.,All reads/writes scoped by tenant_id + actor_ref; privileged support requires support_session_ref.
PUB-004,Public,Checkout / Payment Handoff,Prospect starts/returns from checkout,B-022|B-017,checkout_session|payment_record_ref;plan|bundle|offer|entitlement_activation_ref,/checkout-sessions;/offers,Checkout / Payment Handoff renders tenant-scoped actionable content with current projection timestamp.,Skeleton with tenant/app chrome; no stale cross-tenant content; cancellable/retry-safe fetch.,Explains why no data exists and offers role-appropriate next action; no fake demo content.,Displays safe message with correlation_id; admin/coach details only in privileged surfaces.,Access denied state; explains missing permission/entitlement without leaking resource existence.,"Confirms action, updates projection or list, emits audit/telemetry where applicable.",screen_view; action_attempt; action_success/failure; correlation_id; tenant_id; actor_ref.,WCAG 2.2 AA target; keyboard reachable; visible focus; form errors tied to fields; no color-only state.,All reads/writes scoped by tenant_id + actor_ref; privileged support requires support_session_ref.
PUB-005,Public,Agreement Status Handoff,Agreement required/signed/pending is shown,B-023,agreement_status|agreement_record_ref,/agreements,Agreement Status Handoff renders tenant-scoped actionable content with current projection timestamp.,Skeleton with tenant/app chrome; no stale cross-tenant content; cancellable/retry-safe fetch.,Explains why no data exists and offers role-appropriate next action; no fake demo content.,Displays safe message with correlation_id; admin/coach details only in privileged surfaces.,Access denied state; explains missing permission/entitlement without leaking resource existence.,"Confirms action, updates projection or list, emits audit/telemetry where applicable.",screen_view; action_attempt; action_success/failure; correlation_id; tenant_id; actor_ref.,WCAG 2.2 AA target; keyboard reachable; visible focus; form errors tied to fields; no color-only state.,All reads/writes scoped by tenant_id + actor_ref; privileged support requires support_session_ref.
ADM-001,Tenant Admin,Tenant Setup Home,Tenant admin sees setup readiness,B-001|B-002|B-005,tenant_app_blueprint|tenant_branding|journey_version;tenant|tenant_branding|content_space;tenant_app_blueprint|feature_config,/tenant-blueprints/{id}/activate;/tenants;/tenant-blueprints,Tenant Setup Home renders tenant-scoped actionable content with current projection timestamp.,Skeleton with tenant/app chrome; no stale cross-tenant content; cancellable/retry-safe fetch.,Explains why no data exists and offers role-appropriate next action; no fake demo content.,Displays safe message with correlation_id; admin/coach details only in privileged surfaces.,Access denied state; explains missing permission/entitlement without leaking resource existence.,"Confirms action, updates projection or list, emits audit/telemetry where applicable.",screen_view; action_attempt; action_success/failure; correlation_id; tenant_id; actor_ref.,WCAG 2.2 AA target; keyboard reachable; visible focus; form errors tied to fields; no color-only state.,All reads/writes scoped by tenant_id + actor_ref; privileged support requires support_session_ref.
ADM-002,Tenant Admin,Solution Pack Selector,Tenant selects app template/solution pack,B-001|B-005,tenant_app_blueprint|tenant_branding|journey_version;tenant_app_blueprint|feature_config,/tenant-blueprints/{id}/activate;/tenant-blueprints,Solution Pack Selector renders tenant-scoped actionable content with current projection timestamp.,Skeleton with tenant/app chrome; no stale cross-tenant content; cancellable/retry-safe fetch.,Explains why no data exists and offers role-appropriate next action; no fake demo content.,Displays safe message with correlation_id; admin/coach details only in privileged surfaces.,Access denied state; explains missing permission/entitlement without leaking resource existence.,"Confirms action, updates projection or list, emits audit/telemetry where applicable.",screen_view; action_attempt; action_success/failure; correlation_id; tenant_id; actor_ref.,WCAG 2.2 AA target; keyboard reachable; visible focus; form errors tied to fields; no color-only state.,All reads/writes scoped by tenant_id + actor_ref; privileged support requires support_session_ref.
ADM-003,Tenant Admin,Blueprint Configuration,Tenant blueprint mode/content/member/community/offers configured,B-005,tenant_app_blueprint|feature_config,/tenant-blueprints,Blueprint Configuration renders tenant-scoped actionable content with current projection timestamp.,Skeleton with tenant/app chrome; no stale cross-tenant content; cancellable/retry-safe fetch.,Explains why no data exists and offers role-appropriate next action; no fake demo content.,Displays safe message with correlation_id; admin/coach details only in privileged surfaces.,Access denied state; explains missing permission/entitlement without leaking resource existence.,"Confirms action, updates projection or list, emits audit/telemetry where applicable.",screen_view; action_attempt; action_success/failure; correlation_id; tenant_id; actor_ref.,WCAG 2.2 AA target; keyboard reachable; visible focus; form errors tied to fields; no color-only state.,All reads/writes scoped by tenant_id + actor_ref; privileged support requires support_session_ref.
ADM-004,Tenant Admin,Feature Configuration,Feature states and dependencies configured,B-006,tenant_feature_config|feature_dependency,/feature-configurations,Feature Configuration renders tenant-scoped actionable content with current projection timestamp.,Skeleton with tenant/app chrome; no stale cross-tenant content; cancellable/retry-safe fetch.,Explains why no data exists and offers role-appropriate next action; no fake demo content.,Displays safe message with correlation_id; admin/coach details only in privileged surfaces.,Access denied state; explains missing permission/entitlement without leaking resource existence.,"Confirms action, updates projection or list, emits audit/telemetry where applicable.",screen_view; action_attempt; action_success/failure; correlation_id; tenant_id; actor_ref.,WCAG 2.2 AA target; keyboard reachable; visible focus; form errors tied to fields; no color-only state.,All reads/writes scoped by tenant_id + actor_ref; privileged support requires support_session_ref.
ADM-005,Tenant Admin,Branding Theme,Branding applied without taxonomy changes,B-007,tenant_branding|theme_token,/tenant-branding,Branding Theme renders tenant-scoped actionable content with current projection timestamp.,Skeleton with tenant/app chrome; no stale cross-tenant content; cancellable/retry-safe fetch.,Explains why no data exists and offers role-appropriate next action; no fake demo content.,Displays safe message with correlation_id; admin/coach details only in privileged surfaces.,Access denied state; explains missing permission/entitlement without leaking resource existence.,"Confirms action, updates projection or list, emits audit/telemetry where applicable.",screen_view; action_attempt; action_success/failure; correlation_id; tenant_id; actor_ref.,WCAG 2.2 AA target; keyboard reachable; visible focus; form errors tied to fields; no color-only state.,All reads/writes scoped by tenant_id + actor_ref; privileged support requires support_session_ref.
ADM-006,Tenant Admin,Onboarding Builder,Onboarding flow questions/screens/policies configured,B-008,onboarding_flow|onboarding_step|onboarding_submission,/onboarding-flows,Onboarding Builder renders tenant-scoped actionable content with current projection timestamp.,Skeleton with tenant/app chrome; no stale cross-tenant content; cancellable/retry-safe fetch.,Explains why no data exists and offers role-appropriate next action; no fake demo content.,Displays safe message with correlation_id; admin/coach details only in privileged surfaces.,Access denied state; explains missing permission/entitlement without leaking resource existence.,"Confirms action, updates projection or list, emits audit/telemetry where applicable.",screen_view; action_attempt; action_success/failure; correlation_id; tenant_id; actor_ref.,WCAG 2.2 AA target; keyboard reachable; visible focus; form errors tied to fields; no color-only state.,All reads/writes scoped by tenant_id + actor_ref; privileged support requires support_session_ref.
ADM-007,Tenant Admin,Notification Policy Builder,Reminders/nudges/quiet-hours configured,B-014,notification_template|schedule|delivery_attempt,/notifications,Notification Policy Builder renders tenant-scoped actionable content with current projection timestamp.,Skeleton with tenant/app chrome; no stale cross-tenant content; cancellable/retry-safe fetch.,Explains why no data exists and offers role-appropriate next action; no fake demo content.,Displays safe message with correlation_id; admin/coach details only in privileged surfaces.,Access denied state; explains missing permission/entitlement without leaking resource existence.,"Confirms action, updates projection or list, emits audit/telemetry where applicable.",screen_view; action_attempt; action_success/failure; correlation_id; tenant_id; actor_ref.,WCAG 2.2 AA target; keyboard reachable; visible focus; form errors tied to fields; no color-only state.,All reads/writes scoped by tenant_id + actor_ref; privileged support requires support_session_ref.
ADM-008,Tenant Admin,Community Configuration,"Spaces, permissions and moderation configured",B-016,community_space|post|comment|report|moderation_action,/community,Community Configuration renders tenant-scoped actionable content with current projection timestamp.,Skeleton with tenant/app chrome; no stale cross-tenant content; cancellable/retry-safe fetch.,Explains why no data exists and offers role-appropriate next action; no fake demo content.,Displays safe message with correlation_id; admin/coach details only in privileged surfaces.,Access denied state; explains missing permission/entitlement without leaking resource existence.,"Confirms action, updates projection or list, emits audit/telemetry where applicable.",screen_view; action_attempt; action_success/failure; correlation_id; tenant_id; actor_ref.,WCAG 2.2 AA target; keyboard reachable; visible focus; form errors tied to fields; no color-only state.,All reads/writes scoped by tenant_id + actor_ref; privileged support requires support_session_ref.
ADM-009,Tenant Admin,Offer Catalog Configuration,Offers/plans/bundles/tiers configured,B-017|B-025,plan|bundle|offer|entitlement_activation_ref;renewal_trigger,/offers;/renewals,Offer Catalog Configuration renders tenant-scoped actionable content with current projection timestamp.,Skeleton with tenant/app chrome; no stale cross-tenant content; cancellable/retry-safe fetch.,Explains why no data exists and offers role-appropriate next action; no fake demo content.,Displays safe message with correlation_id; admin/coach details only in privileged surfaces.,Access denied state; explains missing permission/entitlement without leaking resource existence.,"Confirms action, updates projection or list, emits audit/telemetry where applicable.",screen_view; action_attempt; action_success/failure; correlation_id; tenant_id; actor_ref.,WCAG 2.2 AA target; keyboard reachable; visible focus; form errors tied to fields; no color-only state.,All reads/writes scoped by tenant_id + actor_ref; privileged support requires support_session_ref.
ADM-010,Tenant Admin,Integration Profile,Calendar/payment/messaging seams configured,B-026|B-022,calendar_connection|calendar_event_ref;checkout_session|payment_record_ref,/calendar-integrations;/checkout-sessions,Integration Profile renders tenant-scoped actionable content with current projection timestamp.,Skeleton with tenant/app chrome; no stale cross-tenant content; cancellable/retry-safe fetch.,Explains why no data exists and offers role-appropriate next action; no fake demo content.,Displays safe message with correlation_id; admin/coach details only in privileged surfaces.,Access denied state; explains missing permission/entitlement without leaking resource existence.,"Confirms action, updates projection or list, emits audit/telemetry where applicable.",screen_view; action_attempt; action_success/failure; correlation_id; tenant_id; actor_ref.,WCAG 2.2 AA target; keyboard reachable; visible focus; form errors tied to fields; no color-only state.,All reads/writes scoped by tenant_id + actor_ref; privileged support requires support_session_ref.
ADM-011,Tenant Admin,Blueprint Publish Review,"Validation, diff and activation audit",B-005|B-006,tenant_app_blueprint|feature_config;tenant_feature_config|feature_dependency,/tenant-blueprints;/feature-configurations,Blueprint Publish Review renders tenant-scoped actionable content with current projection timestamp.,Skeleton with tenant/app chrome; no stale cross-tenant content; cancellable/retry-safe fetch.,Explains why no data exists and offers role-appropriate next action; no fake demo content.,Displays safe message with correlation_id; admin/coach details only in privileged surfaces.,Access denied state; explains missing permission/entitlement without leaking resource existence.,"Confirms action, updates projection or list, emits audit/telemetry where applicable.",screen_view; action_attempt; action_success/failure; correlation_id; tenant_id; actor_ref.,WCAG 2.2 AA target; keyboard reachable; visible focus; form errors tied to fields; no color-only state.,All reads/writes scoped by tenant_id + actor_ref; privileged support requires support_session_ref.
CS-001,Coach Studio,Coach Dashboard,Daily operating overview,B-003|B-027|B-028,coach_profile|journey_draft|content_item|offer;revenue_metric_projection|pipeline_metric;client_risk_signal,/coach/dashboard;/analytics/business;/analytics/risk-signals,Coach Dashboard renders tenant-scoped actionable content with current projection timestamp.,Skeleton with tenant/app chrome; no stale cross-tenant content; cancellable/retry-safe fetch.,Explains why no data exists and offers role-appropriate next action; no fake demo content.,Displays safe message with correlation_id; admin/coach details only in privileged surfaces.,Access denied state; explains missing permission/entitlement without leaking resource existence.,"Confirms action, updates projection or list, emits audit/telemetry where applicable.",screen_view; action_attempt; action_success/failure; correlation_id; tenant_id; actor_ref.,WCAG 2.2 AA target; keyboard reachable; visible focus; form errors tied to fields; no color-only state.,All reads/writes scoped by tenant_id + actor_ref; privileged support requires support_session_ref.
CS-002,Coach Studio,Lead Inbox,New leads reviewed and assigned,B-019,lead|prospect,/leads,Lead Inbox renders tenant-scoped actionable content with current projection timestamp.,Skeleton with tenant/app chrome; no stale cross-tenant content; cancellable/retry-safe fetch.,Explains why no data exists and offers role-appropriate next action; no fake demo content.,Displays safe message with correlation_id; admin/coach details only in privileged surfaces.,Access denied state; explains missing permission/entitlement without leaking resource existence.,"Confirms action, updates projection or list, emits audit/telemetry where applicable.",screen_view; action_attempt; action_success/failure; correlation_id; tenant_id; actor_ref.,WCAG 2.2 AA target; keyboard reachable; visible focus; form errors tied to fields; no color-only state.,All reads/writes scoped by tenant_id + actor_ref; privileged support requires support_session_ref.
CS-003,Coach Studio,Sales Pipeline,Pipeline stages and follow-ups managed,B-020,pipeline_stage|pipeline_transition,/pipeline,Sales Pipeline renders tenant-scoped actionable content with current projection timestamp.,Skeleton with tenant/app chrome; no stale cross-tenant content; cancellable/retry-safe fetch.,Explains why no data exists and offers role-appropriate next action; no fake demo content.,Displays safe message with correlation_id; admin/coach details only in privileged surfaces.,Access denied state; explains missing permission/entitlement without leaking resource existence.,"Confirms action, updates projection or list, emits audit/telemetry where applicable.",screen_view; action_attempt; action_success/failure; correlation_id; tenant_id; actor_ref.,WCAG 2.2 AA target; keyboard reachable; visible focus; form errors tied to fields; no color-only state.,All reads/writes scoped by tenant_id + actor_ref; privileged support requires support_session_ref.
CS-004,Coach Studio,Calendar / Discovery Calls,Scheduled calls visible and manageable,B-021|B-026,booking_request|discovery_call;calendar_connection|calendar_event_ref,/booking-requests;/calendar-integrations,Calendar / Discovery Calls renders tenant-scoped actionable content with current projection timestamp.,Skeleton with tenant/app chrome; no stale cross-tenant content; cancellable/retry-safe fetch.,Explains why no data exists and offers role-appropriate next action; no fake demo content.,Displays safe message with correlation_id; admin/coach details only in privileged surfaces.,Access denied state; explains missing permission/entitlement without leaking resource existence.,"Confirms action, updates projection or list, emits audit/telemetry where applicable.",screen_view; action_attempt; action_success/failure; correlation_id; tenant_id; actor_ref.,WCAG 2.2 AA target; keyboard reachable; visible focus; form errors tied to fields; no color-only state.,All reads/writes scoped by tenant_id + actor_ref; privileged support requires support_session_ref.
CS-005,Coach Studio,Client List,Clients filtered by lifecycle/status,B-012|B-024,assignment|enrollment|enrollment_status;client_lifecycle_event,/assignments;/client-lifecycle,Client List renders tenant-scoped actionable content with current projection timestamp.,Skeleton with tenant/app chrome; no stale cross-tenant content; cancellable/retry-safe fetch.,Explains why no data exists and offers role-appropriate next action; no fake demo content.,Displays safe message with correlation_id; admin/coach details only in privileged surfaces.,Access denied state; explains missing permission/entitlement without leaking resource existence.,"Confirms action, updates projection or list, emits audit/telemetry where applicable.",screen_view; action_attempt; action_success/failure; correlation_id; tenant_id; actor_ref.,WCAG 2.2 AA target; keyboard reachable; visible focus; form errors tied to fields; no color-only state.,All reads/writes scoped by tenant_id + actor_ref; privileged support requires support_session_ref.
CS-006,Coach Studio,Client Detail,"Lifecycle, access, progress, notes and incidents",B-024|B-028,client_lifecycle_event;client_risk_signal,/client-lifecycle;/analytics/risk-signals,Client Detail renders tenant-scoped actionable content with current projection timestamp.,Skeleton with tenant/app chrome; no stale cross-tenant content; cancellable/retry-safe fetch.,Explains why no data exists and offers role-appropriate next action; no fake demo content.,Displays safe message with correlation_id; admin/coach details only in privileged surfaces.,Access denied state; explains missing permission/entitlement without leaking resource existence.,"Confirms action, updates projection or list, emits audit/telemetry where applicable.",screen_view; action_attempt; action_success/failure; correlation_id; tenant_id; actor_ref.,WCAG 2.2 AA target; keyboard reachable; visible focus; form errors tied to fields; no color-only state.,All reads/writes scoped by tenant_id + actor_ref; privileged support requires support_session_ref.
CS-007,Coach Studio,Journey Library,Draft/published/archived journeys listed,B-010,journey_draft|journey_version|journey_phase|journey_step,/journeys,Journey Library renders tenant-scoped actionable content with current projection timestamp.,Skeleton with tenant/app chrome; no stale cross-tenant content; cancellable/retry-safe fetch.,Explains why no data exists and offers role-appropriate next action; no fake demo content.,Displays safe message with correlation_id; admin/coach details only in privileged surfaces.,Access denied state; explains missing permission/entitlement without leaking resource existence.,"Confirms action, updates projection or list, emits audit/telemetry where applicable.",screen_view; action_attempt; action_success/failure; correlation_id; tenant_id; actor_ref.,WCAG 2.2 AA target; keyboard reachable; visible focus; form errors tied to fields; no color-only state.,All reads/writes scoped by tenant_id + actor_ref; privileged support requires support_session_ref.
CS-008,Coach Studio,Journey Builder,Phases/steps/content/cadence authored,B-010|B-011,journey_draft|journey_version|journey_phase|journey_step;content_space|content_collection|content_item|canonical_ref_binding,/journeys;/content-spaces,Journey Builder renders tenant-scoped actionable content with current projection timestamp.,Skeleton with tenant/app chrome; no stale cross-tenant content; cancellable/retry-safe fetch.,Explains why no data exists and offers role-appropriate next action; no fake demo content.,Displays safe message with correlation_id; admin/coach details only in privileged surfaces.,Access denied state; explains missing permission/entitlement without leaking resource existence.,"Confirms action, updates projection or list, emits audit/telemetry where applicable.",screen_view; action_attempt; action_success/failure; correlation_id; tenant_id; actor_ref.,WCAG 2.2 AA target; keyboard reachable; visible focus; form errors tied to fields; no color-only state.,All reads/writes scoped by tenant_id + actor_ref; privileged support requires support_session_ref.
CS-009,Coach Studio,Journey Publish Validation,Publish blockers and canonical refs reviewed,B-010|B-011,journey_draft|journey_version|journey_phase|journey_step;content_space|content_collection|content_item|canonical_ref_binding,/journeys;/content-spaces,Journey Publish Validation renders tenant-scoped actionable content with current projection timestamp.,Skeleton with tenant/app chrome; no stale cross-tenant content; cancellable/retry-safe fetch.,Explains why no data exists and offers role-appropriate next action; no fake demo content.,Displays safe message with correlation_id; admin/coach details only in privileged surfaces.,Access denied state; explains missing permission/entitlement without leaking resource existence.,"Confirms action, updates projection or list, emits audit/telemetry where applicable.",screen_view; action_attempt; action_success/failure; correlation_id; tenant_id; actor_ref.,WCAG 2.2 AA target; keyboard reachable; visible focus; form errors tied to fields; no color-only state.,All reads/writes scoped by tenant_id + actor_ref; privileged support requires support_session_ref.
CS-010,Coach Studio,Content Spaces,Spaces/collections organized,B-011,content_space|content_collection|content_item|canonical_ref_binding,/content-spaces,Content Spaces renders tenant-scoped actionable content with current projection timestamp.,Skeleton with tenant/app chrome; no stale cross-tenant content; cancellable/retry-safe fetch.,Explains why no data exists and offers role-appropriate next action; no fake demo content.,Displays safe message with correlation_id; admin/coach details only in privileged surfaces.,Access denied state; explains missing permission/entitlement without leaking resource existence.,"Confirms action, updates projection or list, emits audit/telemetry where applicable.",screen_view; action_attempt; action_success/failure; correlation_id; tenant_id; actor_ref.,WCAG 2.2 AA target; keyboard reachable; visible focus; form errors tied to fields; no color-only state.,All reads/writes scoped by tenant_id + actor_ref; privileged support requires support_session_ref.
CS-011,Coach Studio,Content Asset Detail,Asset metadata/source/canonical binding managed,B-011,content_space|content_collection|content_item|canonical_ref_binding,/content-spaces,Content Asset Detail renders tenant-scoped actionable content with current projection timestamp.,Skeleton with tenant/app chrome; no stale cross-tenant content; cancellable/retry-safe fetch.,Explains why no data exists and offers role-appropriate next action; no fake demo content.,Displays safe message with correlation_id; admin/coach details only in privileged surfaces.,Access denied state; explains missing permission/entitlement without leaking resource existence.,"Confirms action, updates projection or list, emits audit/telemetry where applicable.",screen_view; action_attempt; action_success/failure; correlation_id; tenant_id; actor_ref.,WCAG 2.2 AA target; keyboard reachable; visible focus; form errors tied to fields; no color-only state.,All reads/writes scoped by tenant_id + actor_ref; privileged support requires support_session_ref.
CS-012,Coach Studio,Assignment Console,Published journeys assigned to clients/cohorts,B-012,assignment|enrollment|enrollment_status,/assignments,Assignment Console renders tenant-scoped actionable content with current projection timestamp.,Skeleton with tenant/app chrome; no stale cross-tenant content; cancellable/retry-safe fetch.,Explains why no data exists and offers role-appropriate next action; no fake demo content.,Displays safe message with correlation_id; admin/coach details only in privileged surfaces.,Access denied state; explains missing permission/entitlement without leaking resource existence.,"Confirms action, updates projection or list, emits audit/telemetry where applicable.",screen_view; action_attempt; action_success/failure; correlation_id; tenant_id; actor_ref.,WCAG 2.2 AA target; keyboard reachable; visible focus; form errors tied to fields; no color-only state.,All reads/writes scoped by tenant_id + actor_ref; privileged support requires support_session_ref.
CS-013,Coach Studio,Enrollment Monitor,"Enrollment health, access and projections",B-012|B-024,assignment|enrollment|enrollment_status;client_lifecycle_event,/assignments;/client-lifecycle,Enrollment Monitor renders tenant-scoped actionable content with current projection timestamp.,Skeleton with tenant/app chrome; no stale cross-tenant content; cancellable/retry-safe fetch.,Explains why no data exists and offers role-appropriate next action; no fake demo content.,Displays safe message with correlation_id; admin/coach details only in privileged surfaces.,Access denied state; explains missing permission/entitlement without leaking resource existence.,"Confirms action, updates projection or list, emits audit/telemetry where applicable.",screen_view; action_attempt; action_success/failure; correlation_id; tenant_id; actor_ref.,WCAG 2.2 AA target; keyboard reachable; visible focus; form errors tied to fields; no color-only state.,All reads/writes scoped by tenant_id + actor_ref; privileged support requires support_session_ref.
CS-014,Coach Studio,Messages Inbox,Coach-client messages and statuses,B-015,message_thread|message|intervention_note,/messages,Messages Inbox renders tenant-scoped actionable content with current projection timestamp.,Skeleton with tenant/app chrome; no stale cross-tenant content; cancellable/retry-safe fetch.,Explains why no data exists and offers role-appropriate next action; no fake demo content.,Displays safe message with correlation_id; admin/coach details only in privileged surfaces.,Access denied state; explains missing permission/entitlement without leaking resource existence.,"Confirms action, updates projection or list, emits audit/telemetry where applicable.",screen_view; action_attempt; action_success/failure; correlation_id; tenant_id; actor_ref.,WCAG 2.2 AA target; keyboard reachable; visible focus; form errors tied to fields; no color-only state.,All reads/writes scoped by tenant_id + actor_ref; privileged support requires support_session_ref.
CS-015,Coach Studio,Intervention Composer,Coach sends structured intervention,B-015|B-028,message_thread|message|intervention_note;client_risk_signal,/messages;/analytics/risk-signals,Intervention Composer renders tenant-scoped actionable content with current projection timestamp.,Skeleton with tenant/app chrome; no stale cross-tenant content; cancellable/retry-safe fetch.,Explains why no data exists and offers role-appropriate next action; no fake demo content.,Displays safe message with correlation_id; admin/coach details only in privileged surfaces.,Access denied state; explains missing permission/entitlement without leaking resource existence.,"Confirms action, updates projection or list, emits audit/telemetry where applicable.",screen_view; action_attempt; action_success/failure; correlation_id; tenant_id; actor_ref.,WCAG 2.2 AA target; keyboard reachable; visible focus; form errors tied to fields; no color-only state.,All reads/writes scoped by tenant_id + actor_ref; privileged support requires support_session_ref.
CS-016,Coach Studio,Community Moderation,"Reports, hidden content and moderation actions",B-016,community_space|post|comment|report|moderation_action,/community,Community Moderation renders tenant-scoped actionable content with current projection timestamp.,Skeleton with tenant/app chrome; no stale cross-tenant content; cancellable/retry-safe fetch.,Explains why no data exists and offers role-appropriate next action; no fake demo content.,Displays safe message with correlation_id; admin/coach details only in privileged surfaces.,Access denied state; explains missing permission/entitlement without leaking resource existence.,"Confirms action, updates projection or list, emits audit/telemetry where applicable.",screen_view; action_attempt; action_success/failure; correlation_id; tenant_id; actor_ref.,WCAG 2.2 AA target; keyboard reachable; visible focus; form errors tied to fields; no color-only state.,All reads/writes scoped by tenant_id + actor_ref; privileged support requires support_session_ref.
CS-017,Coach Studio,Offers / Plans / Bundles,Commercial packaging configured,B-017|B-025,plan|bundle|offer|entitlement_activation_ref;renewal_trigger,/offers;/renewals,Offers / Plans / Bundles renders tenant-scoped actionable content with current projection timestamp.,Skeleton with tenant/app chrome; no stale cross-tenant content; cancellable/retry-safe fetch.,Explains why no data exists and offers role-appropriate next action; no fake demo content.,Displays safe message with correlation_id; admin/coach details only in privileged surfaces.,Access denied state; explains missing permission/entitlement without leaking resource existence.,"Confirms action, updates projection or list, emits audit/telemetry where applicable.",screen_view; action_attempt; action_success/failure; correlation_id; tenant_id; actor_ref.,WCAG 2.2 AA target; keyboard reachable; visible focus; form errors tied to fields; no color-only state.,All reads/writes scoped by tenant_id + actor_ref; privileged support requires support_session_ref.
CS-018,Coach Studio,Analytics Dashboard,"Progress, engagement and risk",B-027|B-028,revenue_metric_projection|pipeline_metric;client_risk_signal,/analytics/business;/analytics/risk-signals,Analytics Dashboard renders tenant-scoped actionable content with current projection timestamp.,Skeleton with tenant/app chrome; no stale cross-tenant content; cancellable/retry-safe fetch.,Explains why no data exists and offers role-appropriate next action; no fake demo content.,Displays safe message with correlation_id; admin/coach details only in privileged surfaces.,Access denied state; explains missing permission/entitlement without leaking resource existence.,"Confirms action, updates projection or list, emits audit/telemetry where applicable.",screen_view; action_attempt; action_success/failure; correlation_id; tenant_id; actor_ref.,WCAG 2.2 AA target; keyboard reachable; visible focus; form errors tied to fields; no color-only state.,All reads/writes scoped by tenant_id + actor_ref; privileged support requires support_session_ref.
CS-019,Coach Studio,Revenue Dashboard,"Revenue, renewals and funnel",B-029|B-025,revenue_report_projection;renewal_trigger,/analytics/revenue;/renewals,Revenue Dashboard renders tenant-scoped actionable content with current projection timestamp.,Skeleton with tenant/app chrome; no stale cross-tenant content; cancellable/retry-safe fetch.,Explains why no data exists and offers role-appropriate next action; no fake demo content.,Displays safe message with correlation_id; admin/coach details only in privileged surfaces.,Access denied state; explains missing permission/entitlement without leaking resource existence.,"Confirms action, updates projection or list, emits audit/telemetry where applicable.",screen_view; action_attempt; action_success/failure; correlation_id; tenant_id; actor_ref.,WCAG 2.2 AA target; keyboard reachable; visible focus; form errors tied to fields; no color-only state.,All reads/writes scoped by tenant_id + actor_ref; privileged support requires support_session_ref.
CL-001,Client App,Onboarding Welcome,Client enters branded onboarding,B-008,onboarding_flow|onboarding_step|onboarding_submission,/onboarding-flows,Onboarding Welcome renders tenant-scoped actionable content with current projection timestamp.,Skeleton with tenant/app chrome; no stale cross-tenant content; cancellable/retry-safe fetch.,Explains why no data exists and offers role-appropriate next action; no fake demo content.,Displays safe message with correlation_id; admin/coach details only in privileged surfaces.,Access denied state; explains missing permission/entitlement without leaking resource existence.,"Confirms action, updates projection or list, emits audit/telemetry where applicable.",screen_view; action_attempt; action_success/failure; correlation_id; tenant_id; actor_ref.,WCAG 2.2 AA target; keyboard reachable; visible focus; form errors tied to fields; no color-only state.,All reads/writes scoped by tenant_id + actor_ref; privileged support requires support_session_ref.
CL-002,Client App,Intake Questions,Client answers configured questions,B-008,onboarding_flow|onboarding_step|onboarding_submission,/onboarding-flows,Intake Questions renders tenant-scoped actionable content with current projection timestamp.,Skeleton with tenant/app chrome; no stale cross-tenant content; cancellable/retry-safe fetch.,Explains why no data exists and offers role-appropriate next action; no fake demo content.,Displays safe message with correlation_id; admin/coach details only in privileged surfaces.,Access denied state; explains missing permission/entitlement without leaking resource existence.,"Confirms action, updates projection or list, emits audit/telemetry where applicable.",screen_view; action_attempt; action_success/failure; correlation_id; tenant_id; actor_ref.,WCAG 2.2 AA target; keyboard reachable; visible focus; form errors tied to fields; no color-only state.,All reads/writes scoped by tenant_id + actor_ref; privileged support requires support_session_ref.
CL-003,Client App,Consent / Privacy Step,Consent-sensitive steps shown,B-008,onboarding_flow|onboarding_step|onboarding_submission,/onboarding-flows,Consent / Privacy Step renders tenant-scoped actionable content with current projection timestamp.,Skeleton with tenant/app chrome; no stale cross-tenant content; cancellable/retry-safe fetch.,Explains why no data exists and offers role-appropriate next action; no fake demo content.,Displays safe message with correlation_id; admin/coach details only in privileged surfaces.,Access denied state; explains missing permission/entitlement without leaking resource existence.,"Confirms action, updates projection or list, emits audit/telemetry where applicable.",screen_view; action_attempt; action_success/failure; correlation_id; tenant_id; actor_ref.,WCAG 2.2 AA target; keyboard reachable; visible focus; form errors tied to fields; no color-only state.,All reads/writes scoped by tenant_id + actor_ref; privileged support requires support_session_ref.
CL-004,Client App,Member Home,"Next action, journey and messages summarized",B-004|B-009|B-013,member_home_projection|delivery_plan_projection;member_area_config|content_assignment|progress_summary;step_completion|reflection_entry|progress_projection,/member-home;/member-home;/progress,Member Home renders tenant-scoped actionable content with current projection timestamp.,Skeleton with tenant/app chrome; no stale cross-tenant content; cancellable/retry-safe fetch.,Explains why no data exists and offers role-appropriate next action; no fake demo content.,Displays safe message with correlation_id; admin/coach details only in privileged surfaces.,Access denied state; explains missing permission/entitlement without leaking resource existence.,"Confirms action, updates projection or list, emits audit/telemetry where applicable.",screen_view; action_attempt; action_success/failure; correlation_id; tenant_id; actor_ref.,WCAG 2.2 AA target; keyboard reachable; visible focus; form errors tied to fields; no color-only state.,All reads/writes scoped by tenant_id + actor_ref; privileged support requires support_session_ref.
CL-005,Client App,Active Journey,Client sees active assigned journey,B-009|B-012,member_area_config|content_assignment|progress_summary;assignment|enrollment|enrollment_status,/member-home;/assignments,Active Journey renders tenant-scoped actionable content with current projection timestamp.,Skeleton with tenant/app chrome; no stale cross-tenant content; cancellable/retry-safe fetch.,Explains why no data exists and offers role-appropriate next action; no fake demo content.,Displays safe message with correlation_id; admin/coach details only in privileged surfaces.,Access denied state; explains missing permission/entitlement without leaking resource existence.,"Confirms action, updates projection or list, emits audit/telemetry where applicable.",screen_view; action_attempt; action_success/failure; correlation_id; tenant_id; actor_ref.,WCAG 2.2 AA target; keyboard reachable; visible focus; form errors tied to fields; no color-only state.,All reads/writes scoped by tenant_id + actor_ref; privileged support requires support_session_ref.
CL-006,Client App,Journey Step,Client consumes one step with content/task/reflection,B-010|B-011|B-013,journey_draft|journey_version|journey_phase|journey_step;content_space|content_collection|content_item|canonical_ref_binding;step_completion|reflection_entry|progress_projection,/journeys;/content-spaces;/progress,Journey Step renders tenant-scoped actionable content with current projection timestamp.,Skeleton with tenant/app chrome; no stale cross-tenant content; cancellable/retry-safe fetch.,Explains why no data exists and offers role-appropriate next action; no fake demo content.,Displays safe message with correlation_id; admin/coach details only in privileged surfaces.,Access denied state; explains missing permission/entitlement without leaking resource existence.,"Confirms action, updates projection or list, emits audit/telemetry where applicable.",screen_view; action_attempt; action_success/failure; correlation_id; tenant_id; actor_ref.,WCAG 2.2 AA target; keyboard reachable; visible focus; form errors tied to fields; no color-only state.,All reads/writes scoped by tenant_id + actor_ref; privileged support requires support_session_ref.
CL-007,Client App,Reflection Entry,Client submits reflection with visibility setting,B-013,step_completion|reflection_entry|progress_projection,/progress,Reflection Entry renders tenant-scoped actionable content with current projection timestamp.,Skeleton with tenant/app chrome; no stale cross-tenant content; cancellable/retry-safe fetch.,Explains why no data exists and offers role-appropriate next action; no fake demo content.,Displays safe message with correlation_id; admin/coach details only in privileged surfaces.,Access denied state; explains missing permission/entitlement without leaking resource existence.,"Confirms action, updates projection or list, emits audit/telemetry where applicable.",screen_view; action_attempt; action_success/failure; correlation_id; tenant_id; actor_ref.,WCAG 2.2 AA target; keyboard reachable; visible focus; form errors tied to fields; no color-only state.,All reads/writes scoped by tenant_id + actor_ref; privileged support requires support_session_ref.
CL-008,Client App,Task Completion,Client completes homework/task,B-013,step_completion|reflection_entry|progress_projection,/progress,Task Completion renders tenant-scoped actionable content with current projection timestamp.,Skeleton with tenant/app chrome; no stale cross-tenant content; cancellable/retry-safe fetch.,Explains why no data exists and offers role-appropriate next action; no fake demo content.,Displays safe message with correlation_id; admin/coach details only in privileged surfaces.,Access denied state; explains missing permission/entitlement without leaking resource existence.,"Confirms action, updates projection or list, emits audit/telemetry where applicable.",screen_view; action_attempt; action_success/failure; correlation_id; tenant_id; actor_ref.,WCAG 2.2 AA target; keyboard reachable; visible focus; form errors tied to fields; no color-only state.,All reads/writes scoped by tenant_id + actor_ref; privileged support requires support_session_ref.
CL-009,Client App,Resource Library,Entitled content and resources,B-011|B-009,content_space|content_collection|content_item|canonical_ref_binding;member_area_config|content_assignment|progress_summary,/content-spaces;/member-home,Resource Library renders tenant-scoped actionable content with current projection timestamp.,Skeleton with tenant/app chrome; no stale cross-tenant content; cancellable/retry-safe fetch.,Explains why no data exists and offers role-appropriate next action; no fake demo content.,Displays safe message with correlation_id; admin/coach details only in privileged surfaces.,Access denied state; explains missing permission/entitlement without leaking resource existence.,"Confirms action, updates projection or list, emits audit/telemetry where applicable.",screen_view; action_attempt; action_success/failure; correlation_id; tenant_id; actor_ref.,WCAG 2.2 AA target; keyboard reachable; visible focus; form errors tied to fields; no color-only state.,All reads/writes scoped by tenant_id + actor_ref; privileged support requires support_session_ref.
CL-010,Client App,Messages,Client reads/replies to coach messages,B-015,message_thread|message|intervention_note,/messages,Messages renders tenant-scoped actionable content with current projection timestamp.,Skeleton with tenant/app chrome; no stale cross-tenant content; cancellable/retry-safe fetch.,Explains why no data exists and offers role-appropriate next action; no fake demo content.,Displays safe message with correlation_id; admin/coach details only in privileged surfaces.,Access denied state; explains missing permission/entitlement without leaking resource existence.,"Confirms action, updates projection or list, emits audit/telemetry where applicable.",screen_view; action_attempt; action_success/failure; correlation_id; tenant_id; actor_ref.,WCAG 2.2 AA target; keyboard reachable; visible focus; form errors tied to fields; no color-only state.,All reads/writes scoped by tenant_id + actor_ref; privileged support requires support_session_ref.
CL-011,Client App,Community Space,Client reads/posts within permitted space,B-016,community_space|post|comment|report|moderation_action,/community,Community Space renders tenant-scoped actionable content with current projection timestamp.,Skeleton with tenant/app chrome; no stale cross-tenant content; cancellable/retry-safe fetch.,Explains why no data exists and offers role-appropriate next action; no fake demo content.,Displays safe message with correlation_id; admin/coach details only in privileged surfaces.,Access denied state; explains missing permission/entitlement without leaking resource existence.,"Confirms action, updates projection or list, emits audit/telemetry where applicable.",screen_view; action_attempt; action_success/failure; correlation_id; tenant_id; actor_ref.,WCAG 2.2 AA target; keyboard reachable; visible focus; form errors tied to fields; no color-only state.,All reads/writes scoped by tenant_id + actor_ref; privileged support requires support_session_ref.
CL-012,Client App,Progress View,Client sees progress summary,B-013,step_completion|reflection_entry|progress_projection,/progress,Progress View renders tenant-scoped actionable content with current projection timestamp.,Skeleton with tenant/app chrome; no stale cross-tenant content; cancellable/retry-safe fetch.,Explains why no data exists and offers role-appropriate next action; no fake demo content.,Displays safe message with correlation_id; admin/coach details only in privileged surfaces.,Access denied state; explains missing permission/entitlement without leaking resource existence.,"Confirms action, updates projection or list, emits audit/telemetry where applicable.",screen_view; action_attempt; action_success/failure; correlation_id; tenant_id; actor_ref.,WCAG 2.2 AA target; keyboard reachable; visible focus; form errors tied to fields; no color-only state.,All reads/writes scoped by tenant_id + actor_ref; privileged support requires support_session_ref.
CL-013,Client App,Calendar / Sessions,Client sees bookings/call links,B-021|B-026,booking_request|discovery_call;calendar_connection|calendar_event_ref,/booking-requests;/calendar-integrations,Calendar / Sessions renders tenant-scoped actionable content with current projection timestamp.,Skeleton with tenant/app chrome; no stale cross-tenant content; cancellable/retry-safe fetch.,Explains why no data exists and offers role-appropriate next action; no fake demo content.,Displays safe message with correlation_id; admin/coach details only in privileged surfaces.,Access denied state; explains missing permission/entitlement without leaking resource existence.,"Confirms action, updates projection or list, emits audit/telemetry where applicable.",screen_view; action_attempt; action_success/failure; correlation_id; tenant_id; actor_ref.,WCAG 2.2 AA target; keyboard reachable; visible focus; form errors tied to fields; no color-only state.,All reads/writes scoped by tenant_id + actor_ref; privileged support requires support_session_ref.
CL-014,Client App,Offers / Renewal,Eligible offers and renewals shown,B-025|B-017,renewal_trigger;plan|bundle|offer|entitlement_activation_ref,/renewals;/offers,Offers / Renewal renders tenant-scoped actionable content with current projection timestamp.,Skeleton with tenant/app chrome; no stale cross-tenant content; cancellable/retry-safe fetch.,Explains why no data exists and offers role-appropriate next action; no fake demo content.,Displays safe message with correlation_id; admin/coach details only in privileged surfaces.,Access denied state; explains missing permission/entitlement without leaking resource existence.,"Confirms action, updates projection or list, emits audit/telemetry where applicable.",screen_view; action_attempt; action_success/failure; correlation_id; tenant_id; actor_ref.,WCAG 2.2 AA target; keyboard reachable; visible focus; form errors tied to fields; no color-only state.,All reads/writes scoped by tenant_id + actor_ref; privileged support requires support_session_ref.
CL-015,Client App,Profile / Preferences,"Notification, privacy and account prefs",B-014|B-009,notification_template|schedule|delivery_attempt;member_area_config|content_assignment|progress_summary,/notifications;/member-home,Profile / Preferences renders tenant-scoped actionable content with current projection timestamp.,Skeleton with tenant/app chrome; no stale cross-tenant content; cancellable/retry-safe fetch.,Explains why no data exists and offers role-appropriate next action; no fake demo content.,Displays safe message with correlation_id; admin/coach details only in privileged surfaces.,Access denied state; explains missing permission/entitlement without leaking resource existence.,"Confirms action, updates projection or list, emits audit/telemetry where applicable.",screen_view; action_attempt; action_success/failure; correlation_id; tenant_id; actor_ref.,WCAG 2.2 AA target; keyboard reachable; visible focus; form errors tied to fields; no color-only state.,All reads/writes scoped by tenant_id + actor_ref; privileged support requires support_session_ref.
OPS-001,Platform Ops,Tenant Search,Support finds tenant safely,B-002,tenant|tenant_branding|content_space,/tenants,Tenant Search renders tenant-scoped actionable content with current projection timestamp.,Skeleton with tenant/app chrome; no stale cross-tenant content; cancellable/retry-safe fetch.,Explains why no data exists and offers role-appropriate next action; no fake demo content.,Displays safe message with correlation_id; admin/coach details only in privileged surfaces.,Access denied state; explains missing permission/entitlement without leaking resource existence.,"Confirms action, updates projection or list, emits audit/telemetry where applicable.",screen_view; action_attempt; action_success/failure; correlation_id; tenant_id; actor_ref.,WCAG 2.2 AA target; keyboard reachable; visible focus; form errors tied to fields; no color-only state.,All reads/writes scoped by tenant_id + actor_ref; privileged support requires support_session_ref.
OPS-002,Platform Ops,User Lookup,Support finds actor/client with scoped access,B-004|B-009,member_home_projection|delivery_plan_projection;member_area_config|content_assignment|progress_summary,/member-home;/member-home,User Lookup renders tenant-scoped actionable content with current projection timestamp.,Skeleton with tenant/app chrome; no stale cross-tenant content; cancellable/retry-safe fetch.,Explains why no data exists and offers role-appropriate next action; no fake demo content.,Displays safe message with correlation_id; admin/coach details only in privileged surfaces.,Access denied state; explains missing permission/entitlement without leaking resource existence.,"Confirms action, updates projection or list, emits audit/telemetry where applicable.",screen_view; action_attempt; action_success/failure; correlation_id; tenant_id; actor_ref.,WCAG 2.2 AA target; keyboard reachable; visible focus; form errors tied to fields; no color-only state.,All reads/writes scoped by tenant_id + actor_ref; privileged support requires support_session_ref.
OPS-003,Platform Ops,Access Decision Trace,Core access/enrollment decision trace,B-012|B-009,assignment|enrollment|enrollment_status;member_area_config|content_assignment|progress_summary,/assignments;/member-home,Access Decision Trace renders tenant-scoped actionable content with current projection timestamp.,Skeleton with tenant/app chrome; no stale cross-tenant content; cancellable/retry-safe fetch.,Explains why no data exists and offers role-appropriate next action; no fake demo content.,Displays safe message with correlation_id; admin/coach details only in privileged surfaces.,Access denied state; explains missing permission/entitlement without leaking resource existence.,"Confirms action, updates projection or list, emits audit/telemetry where applicable.",screen_view; action_attempt; action_success/failure; correlation_id; tenant_id; actor_ref.,WCAG 2.2 AA target; keyboard reachable; visible focus; form errors tied to fields; no color-only state.,All reads/writes scoped by tenant_id + actor_ref; privileged support requires support_session_ref.
OPS-004,Platform Ops,Entitlement Inspector,Offer/payment/agreement entitlement chain,B-017|B-022|B-023,plan|bundle|offer|entitlement_activation_ref;checkout_session|payment_record_ref;agreement_status|agreement_record_ref,/offers;/checkout-sessions;/agreements,Entitlement Inspector renders tenant-scoped actionable content with current projection timestamp.,Skeleton with tenant/app chrome; no stale cross-tenant content; cancellable/retry-safe fetch.,Explains why no data exists and offers role-appropriate next action; no fake demo content.,Displays safe message with correlation_id; admin/coach details only in privileged surfaces.,Access denied state; explains missing permission/entitlement without leaking resource existence.,"Confirms action, updates projection or list, emits audit/telemetry where applicable.",screen_view; action_attempt; action_success/failure; correlation_id; tenant_id; actor_ref.,WCAG 2.2 AA target; keyboard reachable; visible focus; form errors tied to fields; no color-only state.,All reads/writes scoped by tenant_id + actor_ref; privileged support requires support_session_ref.
OPS-005,Platform Ops,Consent Inspector,Consent-sensitive onboarding and messaging decisions,B-008|B-014,onboarding_flow|onboarding_step|onboarding_submission;notification_template|schedule|delivery_attempt,/onboarding-flows;/notifications,Consent Inspector renders tenant-scoped actionable content with current projection timestamp.,Skeleton with tenant/app chrome; no stale cross-tenant content; cancellable/retry-safe fetch.,Explains why no data exists and offers role-appropriate next action; no fake demo content.,Displays safe message with correlation_id; admin/coach details only in privileged surfaces.,Access denied state; explains missing permission/entitlement without leaking resource existence.,"Confirms action, updates projection or list, emits audit/telemetry where applicable.",screen_view; action_attempt; action_success/failure; correlation_id; tenant_id; actor_ref.,WCAG 2.2 AA target; keyboard reachable; visible focus; form errors tied to fields; no color-only state.,All reads/writes scoped by tenant_id + actor_ref; privileged support requires support_session_ref.
OPS-006,Platform Ops,Audit Log,Audited actions and policy decisions,B-003|B-005|B-016,coach_profile|journey_draft|content_item|offer;tenant_app_blueprint|feature_config;community_space|post|comment|report|moderation_action,/coach/dashboard;/tenant-blueprints;/community,Audit Log renders tenant-scoped actionable content with current projection timestamp.,Skeleton with tenant/app chrome; no stale cross-tenant content; cancellable/retry-safe fetch.,Explains why no data exists and offers role-appropriate next action; no fake demo content.,Displays safe message with correlation_id; admin/coach details only in privileged surfaces.,Access denied state; explains missing permission/entitlement without leaking resource existence.,"Confirms action, updates projection or list, emits audit/telemetry where applicable.",screen_view; action_attempt; action_success/failure; correlation_id; tenant_id; actor_ref.,WCAG 2.2 AA target; keyboard reachable; visible focus; form errors tied to fields; no color-only state.,All reads/writes scoped by tenant_id + actor_ref; privileged support requires support_session_ref.
OPS-007,Platform Ops,Outbox / DLQ Monitor,Async failures and retries,B-014|B-022,notification_template|schedule|delivery_attempt;checkout_session|payment_record_ref,/notifications;/checkout-sessions,Outbox / DLQ Monitor renders tenant-scoped actionable content with current projection timestamp.,Skeleton with tenant/app chrome; no stale cross-tenant content; cancellable/retry-safe fetch.,Explains why no data exists and offers role-appropriate next action; no fake demo content.,Displays safe message with correlation_id; admin/coach details only in privileged surfaces.,Access denied state; explains missing permission/entitlement without leaking resource existence.,"Confirms action, updates projection or list, emits audit/telemetry where applicable.",screen_view; action_attempt; action_success/failure; correlation_id; tenant_id; actor_ref.,WCAG 2.2 AA target; keyboard reachable; visible focus; form errors tied to fields; no color-only state.,All reads/writes scoped by tenant_id + actor_ref; privileged support requires support_session_ref.
OPS-008,Platform Ops,Projection Health,Lag/stale projections and rebuilds,B-013|B-027,step_completion|reflection_entry|progress_projection;revenue_metric_projection|pipeline_metric,/progress;/analytics/business,Projection Health renders tenant-scoped actionable content with current projection timestamp.,Skeleton with tenant/app chrome; no stale cross-tenant content; cancellable/retry-safe fetch.,Explains why no data exists and offers role-appropriate next action; no fake demo content.,Displays safe message with correlation_id; admin/coach details only in privileged surfaces.,Access denied state; explains missing permission/entitlement without leaking resource existence.,"Confirms action, updates projection or list, emits audit/telemetry where applicable.",screen_view; action_attempt; action_success/failure; correlation_id; tenant_id; actor_ref.,WCAG 2.2 AA target; keyboard reachable; visible focus; form errors tied to fields; no color-only state.,All reads/writes scoped by tenant_id + actor_ref; privileged support requires support_session_ref.
OPS-009,Platform Ops,Incident Console,"Severity, owner, state, runbook",B-014|B-016|B-028,notification_template|schedule|delivery_attempt;community_space|post|comment|report|moderation_action;client_risk_signal,/notifications;/community;/analytics/risk-signals,Incident Console renders tenant-scoped actionable content with current projection timestamp.,Skeleton with tenant/app chrome; no stale cross-tenant content; cancellable/retry-safe fetch.,Explains why no data exists and offers role-appropriate next action; no fake demo content.,Displays safe message with correlation_id; admin/coach details only in privileged surfaces.,Access denied state; explains missing permission/entitlement without leaking resource existence.,"Confirms action, updates projection or list, emits audit/telemetry where applicable.",screen_view; action_attempt; action_success/failure; correlation_id; tenant_id; actor_ref.,WCAG 2.2 AA target; keyboard reachable; visible focus; form errors tied to fields; no color-only state.,All reads/writes scoped by tenant_id + actor_ref; privileged support requires support_session_ref.
OPS-010,Platform Ops,Payment Webhook Inspector,"Webhook receipt, idempotency and mapping",B-022|B-029,checkout_session|payment_record_ref;revenue_report_projection,/checkout-sessions;/analytics/revenue,Payment Webhook Inspector renders tenant-scoped actionable content with current projection timestamp.,Skeleton with tenant/app chrome; no stale cross-tenant content; cancellable/retry-safe fetch.,Explains why no data exists and offers role-appropriate next action; no fake demo content.,Displays safe message with correlation_id; admin/coach details only in privileged surfaces.,Access denied state; explains missing permission/entitlement without leaking resource existence.,"Confirms action, updates projection or list, emits audit/telemetry where applicable.",screen_view; action_attempt; action_success/failure; correlation_id; tenant_id; actor_ref.,WCAG 2.2 AA target; keyboard reachable; visible focus; form errors tied to fields; no color-only state.,All reads/writes scoped by tenant_id + actor_ref; privileged support requires support_session_ref.
OPS-011,Platform Ops,Agreement Inspector,Agreement status and audit trace,B-023,agreement_status|agreement_record_ref,/agreements,Agreement Inspector renders tenant-scoped actionable content with current projection timestamp.,Skeleton with tenant/app chrome; no stale cross-tenant content; cancellable/retry-safe fetch.,Explains why no data exists and offers role-appropriate next action; no fake demo content.,Displays safe message with correlation_id; admin/coach details only in privileged surfaces.,Access denied state; explains missing permission/entitlement without leaking resource existence.,"Confirms action, updates projection or list, emits audit/telemetry where applicable.",screen_view; action_attempt; action_success/failure; correlation_id; tenant_id; actor_ref.,WCAG 2.2 AA target; keyboard reachable; visible focus; form errors tied to fields; no color-only state.,All reads/writes scoped by tenant_id + actor_ref; privileged support requires support_session_ref.
OPS-012,Platform Ops,Replay Console,Audited replay/rebuild requests,B-012|B-014,assignment|enrollment|enrollment_status;notification_template|schedule|delivery_attempt,/assignments;/notifications,Replay Console renders tenant-scoped actionable content with current projection timestamp.,Skeleton with tenant/app chrome; no stale cross-tenant content; cancellable/retry-safe fetch.,Explains why no data exists and offers role-appropriate next action; no fake demo content.,Displays safe message with correlation_id; admin/coach details only in privileged surfaces.,Access denied state; explains missing permission/entitlement without leaking resource existence.,"Confirms action, updates projection or list, emits audit/telemetry where applicable.",screen_view; action_attempt; action_success/failure; correlation_id; tenant_id; actor_ref.,WCAG 2.2 AA target; keyboard reachable; visible focus; form errors tied to fields; no color-only state.,All reads/writes scoped by tenant_id + actor_ref; privileged support requires support_session_ref.
OPS-013,Platform Ops,Support Action Log,Manual support actions and evidence,B-002|B-024,tenant|tenant_branding|content_space;client_lifecycle_event,/tenants;/client-lifecycle,Support Action Log renders tenant-scoped actionable content with current projection timestamp.,Skeleton with tenant/app chrome; no stale cross-tenant content; cancellable/retry-safe fetch.,Explains why no data exists and offers role-appropriate next action; no fake demo content.,Displays safe message with correlation_id; admin/coach details only in privileged surfaces.,Access denied state; explains missing permission/entitlement without leaking resource existence.,"Confirms action, updates projection or list, emits audit/telemetry where applicable.",screen_view; action_attempt; action_success/failure; correlation_id; tenant_id; actor_ref.,WCAG 2.2 AA target; keyboard reachable; visible focus; form errors tied to fields; no color-only state.,All reads/writes scoped by tenant_id + actor_ref; privileged support requires support_session_ref.
