Screen ID,Surface,Screen Name,Purpose,Allowed Roles,Primary Data Objects,Primary API / Source,Security Constraint,Audit / Telemetry,Loading State,Empty State,Error State,Forbidden State,Success State,Incident Hooks
OPS-001,Platform Ops,Ops Command Center,"Unified operational landing page for incidents, provider status, queues and risk signals","Platform Admin,Support Operator","System health, incident queue, outbox lag, provider status",/support/cases;/tenants;/outbox/events,read-only + privileged actions through support sessions,screen_view; ops_dashboard_opened,Skeleton + provider status; no stale cross-tenant data,Explain missing operational data and next action,Safe error with correlation_id + privileged detail drawer,Forbidden without disclosing resource existence,"Action confirmed, projection refreshed, audit linked",INC_OPS_COMMAND_CENTER
OPS-002,Platform Ops,Tenant Search,"Find tenant by id, slug, brand, owner, status without leaking tenant data","Platform Admin,Support Operator","tenant, tenant_branding, tenant_status",/tenants,support_session_ref required for tenant detail drilldown,tenant_search,Skeleton + provider status; no stale cross-tenant data,Explain missing operational data and next action,Safe error with correlation_id + privileged detail drawer,Forbidden without disclosing resource existence,"Action confirmed, projection refreshed, audit linked",INC_TENANT_SEARCH
OPS-003,Platform Ops,Tenant Detail,"Inspect tenant state, branding, feature config, suspension and blueprint status","Platform Admin,Support Operator","tenant, feature_config, active_blueprint",/tenants/{tenant_id}/context,tenant_id scoped; support session required,tenant_detail_viewed,Skeleton + provider status; no stale cross-tenant data,Explain missing operational data and next action,Safe error with correlation_id + privileged detail drawer,Forbidden without disclosing resource existence,"Action confirmed, projection refreshed, audit linked",INC_TENANT_DETAIL
OPS-004,Platform Ops,Tenant Suspension / Reactivation,"Suspend/reactivate tenant with reason, blast radius and rollback note",Platform Admin,"tenant, tenant_suspension",PATCH /tenants/{tenant_id}/status,four-eye optional; audit mandatory,tenant_status_changed,Skeleton + provider status; no stale cross-tenant data,Explain missing operational data and next action,Safe error with correlation_id + privileged detail drawer,Forbidden without disclosing resource existence,"Action confirmed, projection refreshed, audit linked",INC_TENANT_SUSPENSION_REACTIVATION
OPS-005,Platform Ops,Actor / Identity Lookup,"Resolve actor_ref, membership and roles without owning identity truth","Platform Admin,Support Operator","external_identity_ref, tenant_membership",/tenants/{tenant_id}/roles,Core identity remains truth,actor_lookup,Skeleton + provider status; no stale cross-tenant data,Explain missing operational data and next action,Safe error with correlation_id + privileged detail drawer,Forbidden without disclosing resource existence,"Action confirmed, projection refreshed, audit linked",INC_ACTOR_IDENTITY_LOOKUP
OPS-006,Platform Ops,Access / Entitlement Inspector,Inspect Core access decision envelope and non-authoritative Project-B cache,"Platform Admin,Support Operator","access_decision_cache, entitlement_ref",/tenants/{tenant_id}/access/check,no local entitlement truth mutation,access_inspected,Skeleton + provider status; no stale cross-tenant data,Explain missing operational data and next action,Safe error with correlation_id + privileged detail drawer,Forbidden without disclosing resource existence,"Action confirmed, projection refreshed, audit linked",INC_ACCESS_ENTITLEMENT_INSPECTOR
OPS-007,Platform Ops,Consent Inspector,Check notification/message/community consent reference and denial cause,Support Operator,"consent_ref, notification_preference_ref",Core/Identity consent adapter,read-only unless external provider supports update,consent_inspected,Skeleton + provider status; no stale cross-tenant data,Explain missing operational data and next action,Safe error with correlation_id + privileged detail drawer,Forbidden without disclosing resource existence,"Action confirmed, projection refreshed, audit linked",INC_CONSENT_INSPECTOR
OPS-008,Platform Ops,Feature Configuration Console,View and edit tenant feature flags and capability enablement,"Platform Admin,Tenant Admin",tenant_feature_config,/tenants/{tenant_id}/blueprints/drafts,tenant admin only within tenant; platform admin support session,feature_config_changed,Skeleton + provider status; no stale cross-tenant data,Explain missing operational data and next action,Safe error with correlation_id + privileged detail drawer,Forbidden without disclosing resource existence,"Action confirmed, projection refreshed, audit linked",INC_FEATURE_CONFIGURATION_CONSOLE
OPS-009,Platform Ops,Blueprint Publish Console,Validate and publish tenant app blueprint with preview diff,"Tenant Admin,Platform Admin","tenant_app_blueprint, blueprint_version",/blueprints/{blueprint_id}/publish,publish guard + validation result required,blueprint_publish_attempt,Skeleton + provider status; no stale cross-tenant data,Explain missing operational data and next action,Safe error with correlation_id + privileged detail drawer,Forbidden without disclosing resource existence,"Action confirmed, projection refreshed, audit linked",INC_BLUEPRINT_PUBLISH_CONSOLE
OPS-010,Platform Ops,Branding Theme Preview,"Preview tenant branding across public, coach, client and admin shells",Tenant Admin,tenant_branding,/branding/theme,no cross-tenant asset load,branding_previewed,Skeleton + provider status; no stale cross-tenant data,Explain missing operational data and next action,Safe error with correlation_id + privileged detail drawer,Forbidden without disclosing resource existence,"Action confirmed, projection refreshed, audit linked",INC_BRANDING_THEME_PREVIEW
OPS-011,Platform Ops,Journey Version Inspector,"Inspect published journey version, publication status and canonical refs","Coach,Support Operator","journey_version, canonical_ref_binding",/journeys/versions/{journey_version_id},coach tenant scope; support session for ops,journey_version_inspected,Skeleton + provider status; no stale cross-tenant data,Explain missing operational data and next action,Safe error with correlation_id + privileged detail drawer,Forbidden without disclosing resource existence,"Action confirmed, projection refreshed, audit linked",INC_JOURNEY_VERSION_INSPECTOR
OPS-012,Platform Ops,Canonical Ref Validation Queue,"Surface invalid, restricted, deprecated and replaced canonical refs","Coach,Support Operator",canonical_validation_result_cache,/canonical/ref-validations:batch,DB/Canonical remains source of truth,canonical_validation_reviewed,Skeleton + provider status; no stale cross-tenant data,Explain missing operational data and next action,Safe error with correlation_id + privileged detail drawer,Forbidden without disclosing resource existence,"Action confirmed, projection refreshed, audit linked",INC_CANONICAL_REF_VALIDATION_QUEUE
OPS-013,Platform Ops,Client Timeline Inspector,View client lifecycle events without exposing unrelated tenant/member data,"Coach,Support Operator","client_ref, lifecycle_event, enrollment",/clients/{client_id}/assignments,tenant and role scoped,client_timeline_viewed,Skeleton + provider status; no stale cross-tenant data,Explain missing operational data and next action,Safe error with correlation_id + privileged detail drawer,Forbidden without disclosing resource existence,"Action confirmed, projection refreshed, audit linked",INC_CLIENT_TIMELINE_INSPECTOR
OPS-014,Platform Ops,Assignment / Enrollment Inspector,Inspect assignment/enrollment state and activation blockers,"Coach,Support Operator","assignment, enrollment, access_request",/enrollments/{enrollment_id},coach/admin access required,enrollment_inspected,Skeleton + provider status; no stale cross-tenant data,Explain missing operational data and next action,Safe error with correlation_id + privileged detail drawer,Forbidden without disclosing resource existence,"Action confirmed, projection refreshed, audit linked",INC_ASSIGNMENT_ENROLLMENT_INSPECTOR
OPS-015,Platform Ops,Member Home Projection Inspector,"Inspect member home card composition, projection timestamp and stale reasons",Support Operator,"member_home_projection, next_action_card",/members/{member_id}/home,read-only; no direct user data mutation,projection_inspected,Skeleton + provider status; no stale cross-tenant data,Explain missing operational data and next action,Safe error with correlation_id + privileged detail drawer,Forbidden without disclosing resource existence,"Action confirmed, projection refreshed, audit linked",INC_MEMBER_HOME_PROJECTION_INSPECTOR
OPS-016,Platform Ops,Progress / Reflection Inspector,Inspect progress and reflection visibility with privacy policy flags,"Coach,Support Operator","progress_projection, reflection_entry",/enrollments/{enrollment_id}/progress,privacy visibility guard,reflection_inspected,Skeleton + provider status; no stale cross-tenant data,Explain missing operational data and next action,Safe error with correlation_id + privileged detail drawer,Forbidden without disclosing resource existence,"Action confirmed, projection refreshed, audit linked",INC_PROGRESS_REFLECTION_INSPECTOR
OPS-017,Platform Ops,Message / Intervention Audit,Review message/intervention metadata and delivery state,"Coach,Support Operator","message_thread, message, intervention_note",/message-threads;/interventions,content visibility role gated,message_audit_viewed,Skeleton + provider status; no stale cross-tenant data,Explain missing operational data and next action,Safe error with correlation_id + privileged detail drawer,Forbidden without disclosing resource existence,"Action confirmed, projection refreshed, audit linked",INC_MESSAGE_INTERVENTION_AUDIT
OPS-018,Platform Ops,Notification Delivery Monitor,"Inspect notification schedules, attempts, suppression and provider failures","Tenant Admin,Support Operator","notification_schedule, delivery_attempt",/notifications/schedules,consent denial never overridden locally,notification_monitor_viewed,Skeleton + provider status; no stale cross-tenant data,Explain missing operational data and next action,Safe error with correlation_id + privileged detail drawer,Forbidden without disclosing resource existence,"Action confirmed, projection refreshed, audit linked",INC_NOTIFICATION_DELIVERY_MONITOR
OPS-019,Platform Ops,Community Moderation Queue,Review reports and pending moderation actions,"Moderator,Tenant Admin","report, post, comment, moderation_action",/community/reports;/community/moderation-actions,moderation audit mandatory,moderation_queue_viewed,Skeleton + provider status; no stale cross-tenant data,Explain missing operational data and next action,Safe error with correlation_id + privileged detail drawer,Forbidden without disclosing resource existence,"Action confirmed, projection refreshed, audit linked",INC_COMMUNITY_MODERATION_QUEUE
OPS-020,Platform Ops,Reported Content Detail,Inspect reported post/comment and action history,"Moderator,Support Operator","reported_content, moderation_action",/community/moderation-actions,PII minimization; safety flags,reported_content_viewed,Skeleton + provider status; no stale cross-tenant data,Explain missing operational data and next action,Safe error with correlation_id + privileged detail drawer,Forbidden without disclosing resource existence,"Action confirmed, projection refreshed, audit linked",INC_REPORTED_CONTENT_DETAIL
OPS-021,Platform Ops,Offer / Plan / Bundle Inspector,"Inspect offer config, plan/bundle mapping and publishing state","Tenant Admin,Support Operator","offer, plan, bundle",/offers/{offer_id},no payment ledger truth,offer_inspected,Skeleton + provider status; no stale cross-tenant data,Explain missing operational data and next action,Safe error with correlation_id + privileged detail drawer,Forbidden without disclosing resource existence,"Action confirmed, projection refreshed, audit linked",INC_OFFER_PLAN_BUNDLE_INSPECTOR
OPS-022,Platform Ops,Checkout Session Inspector,Inspect checkout session reference and activation gate,"Tenant Admin,Support Operator","checkout_session, payment_record_ref",/offers/{offer_id}/checkout-sessions,payment provider remains ledger truth,checkout_inspected,Skeleton + provider status; no stale cross-tenant data,Explain missing operational data and next action,Safe error with correlation_id + privileged detail drawer,Forbidden without disclosing resource existence,"Action confirmed, projection refreshed, audit linked",INC_CHECKOUT_SESSION_INSPECTOR
OPS-023,Platform Ops,Payment Webhook Monitor,"Inspect webhook signature state, dedupe and ordering gaps","Platform Admin,Support Operator","payment_webhook_event, payment_record_ref",/payments/webhooks/{provider},webhook signature validation mandatory,payment_webhook_reviewed,Skeleton + provider status; no stale cross-tenant data,Explain missing operational data and next action,Safe error with correlation_id + privileged detail drawer,Forbidden without disclosing resource existence,"Action confirmed, projection refreshed, audit linked",INC_PAYMENT_WEBHOOK_MONITOR
OPS-024,Platform Ops,Agreement Status Monitor,Inspect agreement state and activation dependency,"Tenant Admin,Support Operator",agreement_status_ref,agreement provider adapter,no local legal document truth unless integrated,agreement_inspected,Skeleton + provider status; no stale cross-tenant data,Explain missing operational data and next action,Safe error with correlation_id + privileged detail drawer,Forbidden without disclosing resource existence,"Action confirmed, projection refreshed, audit linked",INC_AGREEMENT_STATUS_MONITOR
OPS-025,Platform Ops,Outbox Monitor,View pending/publishing/published/failed outbox events,"Platform Admin,Support Operator",outbox_event,/outbox/events,retry policy bounded,outbox_viewed,Skeleton + provider status; no stale cross-tenant data,Explain missing operational data and next action,Safe error with correlation_id + privileged detail drawer,Forbidden without disclosing resource existence,"Action confirmed, projection refreshed, audit linked",INC_OUTBOX_MONITOR
OPS-026,Platform Ops,Dead Letter Event Detail,"Inspect failed event, causation, retry count and replay eligibility",Platform Admin,dead_letter_event,/outbox/events,replay requires audit + idempotency key,dlq_event_viewed,Skeleton + provider status; no stale cross-tenant data,Explain missing operational data and next action,Safe error with correlation_id + privileged detail drawer,Forbidden without disclosing resource existence,"Action confirmed, projection refreshed, audit linked",INC_DEAD_LETTER_EVENT_DETAIL
OPS-027,Platform Ops,Replay Request Console,Request event replay/projection rebuild with scoped reason,Platform Admin,"replay_request, projection_checkpoint",internal replay endpoint,no replay without approval reason,replay_requested,Skeleton + provider status; no stale cross-tenant data,Explain missing operational data and next action,Safe error with correlation_id + privileged detail drawer,Forbidden without disclosing resource existence,"Action confirmed, projection refreshed, audit linked",INC_REPLAY_REQUEST_CONSOLE
OPS-028,Platform Ops,Projection Checkpoint Monitor,"Inspect projection lag, checkpoint and stale read model status","Platform Admin,Support Operator",projection_checkpoint,internal projection status,read-only unless rebuild permitted,projection_monitor_viewed,Skeleton + provider status; no stale cross-tenant data,Explain missing operational data and next action,Safe error with correlation_id + privileged detail drawer,Forbidden without disclosing resource existence,"Action confirmed, projection refreshed, audit linked",INC_PROJECTION_CHECKPOINT_MONITOR
OPS-029,Platform Ops,Audit Log Explorer,"Search audit events by tenant, actor, correlation, resource","Platform Admin,Auditor",audit_event,/audit,tenant scope + support session + minimization,audit_search,Skeleton + provider status; no stale cross-tenant data,Explain missing operational data and next action,Safe error with correlation_id + privileged detail drawer,Forbidden without disclosing resource existence,"Action confirmed, projection refreshed, audit linked",INC_AUDIT_LOG_EXPLORER
OPS-030,Platform Ops,Policy Violation Viewer,View policy/security violation evidence and guard decisions,"Platform Admin,Security Reviewer","policy_violation, enforcement_decision",internal policy events,security restricted,policy_violation_viewed,Skeleton + provider status; no stale cross-tenant data,Explain missing operational data and next action,Safe error with correlation_id + privileged detail drawer,Forbidden without disclosing resource existence,"Action confirmed, projection refreshed, audit linked",INC_POLICY_VIOLATION_VIEWER
OPS-031,Platform Ops,Incident Console,"Create, triage and coordinate incidents with severity and runbook","Platform Admin,Incident Commander","incident, runbook_execution",/support/cases,incident role required,incident_created_or_updated,Skeleton + provider status; no stale cross-tenant data,Explain missing operational data and next action,Safe error with correlation_id + privileged detail drawer,Forbidden without disclosing resource existence,"Action confirmed, projection refreshed, audit linked",INC_INCIDENT_CONSOLE
OPS-032,Platform Ops,Incident Detail / Timeline,"Incident timeline, decisions, communications and status","Incident Commander,Support Operator","incident_event, support_case",/support/cases/{case_id},immutable timeline entries,incident_timeline_viewed,Skeleton + provider status; no stale cross-tenant data,Explain missing operational data and next action,Safe error with correlation_id + privileged detail drawer,Forbidden without disclosing resource existence,"Action confirmed, projection refreshed, audit linked",INC_INCIDENT_DETAIL_TIMELINE
OPS-033,Platform Ops,Runbook Executor,Guided execution of bounded recovery steps,"Incident Commander,Platform Admin","runbook_step, replay_request, support_action",internal ops,dangerous actions require confirmation,runbook_step_executed,Skeleton + provider status; no stale cross-tenant data,Explain missing operational data and next action,Safe error with correlation_id + privileged detail drawer,Forbidden without disclosing resource existence,"Action confirmed, projection refreshed, audit linked",INC_RUNBOOK_EXECUTOR
OPS-034,Platform Ops,Support Case Queue,Queue of user/tenant/system support cases,Support Operator,support_case,/support/cases,case scope guard,support_queue_viewed,Skeleton + provider status; no stale cross-tenant data,Explain missing operational data and next action,Safe error with correlation_id + privileged detail drawer,Forbidden without disclosing resource existence,"Action confirmed, projection refreshed, audit linked",INC_SUPPORT_CASE_QUEUE
OPS-035,Platform Ops,Support Case Detail,"Support case details, linked resources, actions and notes",Support Operator,"support_case, support_note",/support/cases/{case_id},PII minimization + reason code,support_case_viewed,Skeleton + provider status; no stale cross-tenant data,Explain missing operational data and next action,Safe error with correlation_id + privileged detail drawer,Forbidden without disclosing resource existence,"Action confirmed, projection refreshed, audit linked",INC_SUPPORT_CASE_DETAIL
OPS-036,Platform Ops,Data Export / Evidence Package,Generate scoped audit/evidence package for incident or tenant request,"Platform Admin,Auditor","audit_event, evidence_package",internal export,export approval and minimization required,evidence_package_created,Skeleton + provider status; no stale cross-tenant data,Explain missing operational data and next action,Safe error with correlation_id + privileged detail drawer,Forbidden without disclosing resource existence,"Action confirmed, projection refreshed, audit linked",INC_DATA_EXPORT_EVIDENCE_PACKAGE
OPS-037,Platform Ops,Configuration Drift Dashboard,"Detect drift between blueprint, feature config, API/event/data contracts",Platform Admin,"configuration_snapshot, drift_signal",internal drift scan,read-only + issue creation,config_drift_viewed,Skeleton + provider status; no stale cross-tenant data,Explain missing operational data and next action,Safe error with correlation_id + privileged detail drawer,Forbidden without disclosing resource existence,"Action confirmed, projection refreshed, audit linked",INC_CONFIGURATION_DRIFT_DASHBOARD
OPS-038,Platform Ops,Health / Dependency Status,"Core, Canonical, Payment, Calendar, Notification, DB status","Platform Admin,Support Operator",dependency_status,/health + provider adapters,no provider secrets exposed,dependency_status_viewed,Skeleton + provider status; no stale cross-tenant data,Explain missing operational data and next action,Safe error with correlation_id + privileged detail drawer,Forbidden without disclosing resource existence,"Action confirmed, projection refreshed, audit linked",INC_HEALTH_DEPENDENCY_STATUS
OPS-039,Platform Ops,Analytics Quality Dashboard,Monitor delayed/missing analytics projections,"Platform Admin,Tenant Admin","analytics_projection, revenue_projection",/analytics/revenue,projection caveats visible,analytics_quality_viewed,Skeleton + provider status; no stale cross-tenant data,Explain missing operational data and next action,Safe error with correlation_id + privileged detail drawer,Forbidden without disclosing resource existence,"Action confirmed, projection refreshed, audit linked",INC_ANALYTICS_QUALITY_DASHBOARD
OPS-040,Platform Ops,Revenue Dashboard,"Tenant revenue, plans, renewals and conversion metrics","Tenant Admin,Platform Admin",revenue_metric_projection,/dashboards/business;/analytics/revenue,payment ledger caveat,revenue_dashboard_viewed,Skeleton + provider status; no stale cross-tenant data,Explain missing operational data and next action,Safe error with correlation_id + privileged detail drawer,Forbidden without disclosing resource existence,"Action confirmed, projection refreshed, audit linked",INC_REVENUE_DASHBOARD
OPS-041,Platform Ops,Admin User / RBAC Console,Assign/revoke tenant roles and support roles,"Platform Admin,Tenant Admin",tenant_role_assignment,/roles,role change audit mandatory,role_changed,Skeleton + provider status; no stale cross-tenant data,Explain missing operational data and next action,Safe error with correlation_id + privileged detail drawer,Forbidden without disclosing resource existence,"Action confirmed, projection refreshed, audit linked",INC_ADMIN_USER_RBAC_CONSOLE
OPS-042,Platform Ops,System Announcements,Scoped operational announcements to tenants/coaches/clients,Platform Admin,"announcement, notification_schedule",/notifications/schedules,consent/visibility rules apply,announcement_created,Skeleton + provider status; no stale cross-tenant data,Explain missing operational data and next action,Safe error with correlation_id + privileged detail drawer,Forbidden without disclosing resource existence,"Action confirmed, projection refreshed, audit linked",INC_SYSTEM_ANNOUNCEMENTS
OPS-043,Platform Ops,Provider Integration Status,"Inspect connection health for payment, calendar, notification, agreement","Platform Admin,Tenant Admin",provider_connection_ref,provider adapters,secrets never displayed,provider_status_viewed,Skeleton + provider status; no stale cross-tenant data,Explain missing operational data and next action,Safe error with correlation_id + privileged detail drawer,Forbidden without disclosing resource existence,"Action confirmed, projection refreshed, audit linked",INC_PROVIDER_INTEGRATION_STATUS
