Flow ID,Flow Name,Trigger/API,Event Produced,Tables/Aggregates,Owner Module,Purpose,Guards,Transaction Boundary,Outbox Rule,Audit Required,Primary Errors,Primary Incident,Acceptance Test
BF-001,Tenant Create,POST /tenants,project_b.tenant.created.v1,tenants|tenant_memberships,PB-M01,"Creates tenant shell, default membership and feature baseline",tenant_id + actor_ref + role + feature + idempotency + adapter availability,single DB transaction for mutation + audit + outbox insert,event only published after commit; consumers idempotent,YES,PB_ERR_TENANT_CREATE,INC_TENANT_CREATE,unit guard + integration transaction/outbox + contract + E2E happy/forbidden
BF-002,Tenant Status Change,PATCH /tenants/{tenant_id}/status,project_b.tenant.status_changed.v1,tenants|tenant_suspensions,PB-M01,Suspends/reactivates tenant and blocks writes where suspended,tenant_id + actor_ref + role + feature + idempotency + adapter availability,single DB transaction for mutation + audit + outbox insert,event only published after commit; consumers idempotent,YES,PB_ERR_TENANT_STATUS_CHANGE,INC_TENANT_STATUS_CHANGE,unit guard + integration transaction/outbox + contract + E2E happy/forbidden
BF-003,Role Assignment,POST /roles,project_b.role.assigned.v1,tenant_role_assignments,PB-M02,Assigns tenant-scoped role with audit,tenant_id + actor_ref + role + feature + idempotency + adapter availability,single DB transaction for mutation + audit + outbox insert,event only published after commit; consumers idempotent,YES,PB_ERR_ROLE_ASSIGNMENT,INC_ROLE_ASSIGNMENT,unit guard + integration transaction/outbox + contract + E2E happy/forbidden
BF-004,Access Check,POST /access/check,project_b.access.checked.v1,access_decision_cache|audit_event,PB-M02,Calls Core and caches non-authoritative decision,tenant_id + actor_ref + role + feature + idempotency + adapter availability,single DB transaction for mutation + audit + outbox insert,event only published after commit; consumers idempotent,YES,PB_ERR_ACCESS_CHECK,INC_ACCESS_CHECK,unit guard + integration transaction/outbox + contract + E2E happy/forbidden
BF-005,Blueprint Draft Create,POST /blueprints/drafts,project_b.blueprint.draft_created.v1,tenant_app_blueprints,PB-M03,Creates mutable draft blueprint,tenant_id + actor_ref + role + feature + idempotency + adapter availability,single DB transaction for mutation + audit + outbox insert,event only published after commit; consumers idempotent,YES,PB_ERR_BLUEPRINT_DRAFT_CREATE,INC_BLUEPRINT_DRAFT_CREATE,unit guard + integration transaction/outbox + contract + E2E happy/forbidden
BF-006,Blueprint Publish,POST /blueprints/{id}/publish,project_b.blueprint.published.v1,tenant_app_blueprints|publication_record,PB-M03,Validates and publishes immutable blueprint version,tenant_id + actor_ref + role + feature + idempotency + adapter availability,single DB transaction for mutation + audit + outbox insert,event only published after commit; consumers idempotent,YES,PB_ERR_BLUEPRINT_PUBLISH,INC_BLUEPRINT_PUBLISH,unit guard + integration transaction/outbox + contract + E2E happy/forbidden
BF-007,Branding Upsert,PUT /branding/theme,project_b.branding.updated.v1,tenant_branding,PB-M04,Persists tenant theme and emits branding update,tenant_id + actor_ref + role + feature + idempotency + adapter availability,single DB transaction for mutation + audit + outbox insert,event only published after commit; consumers idempotent,YES,PB_ERR_BRANDING_UPSERT,INC_BRANDING_UPSERT,unit guard + integration transaction/outbox + contract + E2E happy/forbidden
BF-008,Journey Draft Create,POST /journeys/drafts,project_b.journey.draft_created.v1,journey_drafts|journey_steps,PB-M05,Creates draft journey,tenant_id + actor_ref + role + feature + idempotency + adapter availability,single DB transaction for mutation + audit + outbox insert,event only published after commit; consumers idempotent,YES,PB_ERR_JOURNEY_DRAFT_CREATE,INC_JOURNEY_DRAFT_CREATE,unit guard + integration transaction/outbox + contract + E2E happy/forbidden
BF-009,Journey Validate,POST /journeys/drafts/{id}/validate,project_b.journey.validated.v1,journey_drafts|canonical_validation_result_cache,PB-M05/PB-M15,"Validates refs, rules and publish gates",tenant_id + actor_ref + role + feature + idempotency + adapter availability,single DB transaction for mutation + audit + outbox insert,event only published after commit; consumers idempotent,YES,PB_ERR_JOURNEY_VALIDATE,INC_JOURNEY_VALIDATE,unit guard + integration transaction/outbox + contract + E2E happy/forbidden
BF-010,Journey Publish,POST /journeys/drafts/{id}/publish,project_b.journey.published.v1,journey_versions|publication_record,PB-M05,Publishes immutable journey version,tenant_id + actor_ref + role + feature + idempotency + adapter availability,single DB transaction for mutation + audit + outbox insert,event only published after commit; consumers idempotent,YES,PB_ERR_JOURNEY_PUBLISH,INC_JOURNEY_PUBLISH,unit guard + integration transaction/outbox + contract + E2E happy/forbidden
BF-011,Content Asset Upload,POST /content/assets,project_b.content.asset_uploaded.v1,content_assets,PB-M06,Stores asset metadata and manifest,tenant_id + actor_ref + role + feature + idempotency + adapter availability,single DB transaction for mutation + audit + outbox insert,event only published after commit; consumers idempotent,YES,PB_ERR_CONTENT_ASSET_UPLOAD,INC_CONTENT_ASSET_UPLOAD,unit guard + integration transaction/outbox + contract + E2E happy/forbidden
BF-012,Canonical Ref Validation Batch,POST /canonical/ref-validations:batch,project_b.canonical_ref.validated.v1,canonical_validation_request_log|canonical_validation_result_cache,PB-M15,Batches canonical ref validation; does not own canonical truth,tenant_id + actor_ref + role + feature + idempotency + adapter availability,single DB transaction for mutation + audit + outbox insert,event only published after commit; consumers idempotent,YES,PB_ERR_CANONICAL_REF_VALIDATION_BATCH,INC_CANONICAL_REF_VALIDATION_BATCH,unit guard + integration transaction/outbox + contract + E2E happy/forbidden
BF-013,Lead Create,POST /leads,project_b.lead.created.v1,leads|prospects,PB-M13,Creates tenant-scoped lead,tenant_id + actor_ref + role + feature + idempotency + adapter availability,single DB transaction for mutation + audit + outbox insert,event only published after commit; consumers idempotent,YES,PB_ERR_LEAD_CREATE,INC_LEAD_CREATE,unit guard + integration transaction/outbox + contract + E2E happy/forbidden
BF-014,Discovery Call Schedule,POST /discovery-calls,project_b.discovery_call.scheduled.v1,booking_request|discovery_call|calendar_event_ref,PB-M13,Schedules discovery call through adapter,tenant_id + actor_ref + role + feature + idempotency + adapter availability,single DB transaction for mutation + audit + outbox insert,event only published after commit; consumers idempotent,YES,PB_ERR_DISCOVERY_CALL_SCHEDULE,INC_DISCOVERY_CALL_SCHEDULE,unit guard + integration transaction/outbox + contract + E2E happy/forbidden
BF-015,Offer Create,POST /offers,project_b.offer.created.v1,offers|plans|bundles,PB-M13,Creates offer with plan/bundle mapping,tenant_id + actor_ref + role + feature + idempotency + adapter availability,single DB transaction for mutation + audit + outbox insert,event only published after commit; consumers idempotent,YES,PB_ERR_OFFER_CREATE,INC_OFFER_CREATE,unit guard + integration transaction/outbox + contract + E2E happy/forbidden
BF-016,Checkout Session Create,POST /offers/{id}/checkout-sessions,project_b.checkout.started.v1,checkout_session|payment_record_ref,PB-M13,Starts checkout with provider ref,tenant_id + actor_ref + role + feature + idempotency + adapter availability,single DB transaction for mutation + audit + outbox insert,event only published after commit; consumers idempotent,YES,PB_ERR_CHECKOUT_SESSION_CREATE,INC_CHECKOUT_SESSION_CREATE,unit guard + integration transaction/outbox + contract + E2E happy/forbidden
BF-017,Payment Webhook Ingest,POST /payments/webhooks/{provider},project_b.payment.confirmed.v1,payment_webhook_event|payment_record_ref,PB-M13,"Verifies signature, dedupes and updates payment ref",tenant_id + actor_ref + role + feature + idempotency + adapter availability,single DB transaction for mutation + audit + outbox insert,event only published after commit; consumers idempotent,YES,PB_ERR_PAYMENT_WEBHOOK_INGEST,INC_PAYMENT_WEBHOOK_INGEST,unit guard + integration transaction/outbox + contract + E2E happy/forbidden
BF-018,Agreement Signed,Agreement provider webhook / manual mark,project_b.agreement.signed.v1,agreement_status_ref,PB-M13,Marks agreement gate satisfied,tenant_id + actor_ref + role + feature + idempotency + adapter availability,single DB transaction for mutation + audit + outbox insert,event only published after commit; consumers idempotent,YES,PB_ERR_AGREEMENT_SIGNED,INC_AGREEMENT_SIGNED,unit guard + integration transaction/outbox + contract + E2E happy/forbidden
BF-019,Onboarding Start,POST /clients/{id}/onboarding/start,project_b.onboarding.started.v1,onboarding_session,PB-M06,Starts onboarding for client,tenant_id + actor_ref + role + feature + idempotency + adapter availability,single DB transaction for mutation + audit + outbox insert,event only published after commit; consumers idempotent,YES,PB_ERR_ONBOARDING_START,INC_ONBOARDING_START,unit guard + integration transaction/outbox + contract + E2E happy/forbidden
BF-020,Client Assignment Create,POST /clients/{id}/assignments,project_b.assignment.created.v1,assignments|assignment_policy_snapshot,PB-M06,Assigns published journey to client,tenant_id + actor_ref + role + feature + idempotency + adapter availability,single DB transaction for mutation + audit + outbox insert,event only published after commit; consumers idempotent,YES,PB_ERR_CLIENT_ASSIGNMENT_CREATE,INC_CLIENT_ASSIGNMENT_CREATE,unit guard + integration transaction/outbox + contract + E2E happy/forbidden
BF-021,Enrollment Activate,POST /enrollments/{id}/activate,project_b.enrollment.activated.v1,enrollments|core_access_request,PB-M06/PB-M02,Activates enrollment after payment/agreement/Core allow,tenant_id + actor_ref + role + feature + idempotency + adapter availability,single DB transaction for mutation + audit + outbox insert,event only published after commit; consumers idempotent,YES,PB_ERR_ENROLLMENT_ACTIVATE,INC_ENROLLMENT_ACTIVATE,unit guard + integration transaction/outbox + contract + E2E happy/forbidden
BF-022,Member Home Build,GET /members/{id}/home,project_b.member_home.rebuilt.v1,member_home_projection|next_action_card,PB-M08,Builds client home projection,tenant_id + actor_ref + role + feature + idempotency + adapter availability,single DB transaction for mutation + audit + outbox insert,event only published after commit; consumers idempotent,YES,PB_ERR_MEMBER_HOME_BUILD,INC_MEMBER_HOME_BUILD,unit guard + integration transaction/outbox + contract + E2E happy/forbidden
BF-023,Next Step Resolve,GET /enrollments/{id}/steps/next,project_b.next_step.resolved.v1,step_availability|journey_progress_projection,PB-M07,Resolves next available step,tenant_id + actor_ref + role + feature + idempotency + adapter availability,single DB transaction for mutation + audit + outbox insert,event only published after commit; consumers idempotent,YES,PB_ERR_NEXT_STEP_RESOLVE,INC_NEXT_STEP_RESOLVE,unit guard + integration transaction/outbox + contract + E2E happy/forbidden
BF-024,Step Complete,POST /steps/{id}/complete,project_b.step.completed.v1,step_completion|journey_progress_projection,PB-M09,Records step completion and updates progress,tenant_id + actor_ref + role + feature + idempotency + adapter availability,single DB transaction for mutation + audit + outbox insert,event only published after commit; consumers idempotent,YES,PB_ERR_STEP_COMPLETE,INC_STEP_COMPLETE,unit guard + integration transaction/outbox + contract + E2E happy/forbidden
BF-025,Reflection Submit,POST /reflections,project_b.reflection.submitted.v1,reflection_entry,PB-M09,Stores reflection with visibility policy,tenant_id + actor_ref + role + feature + idempotency + adapter availability,single DB transaction for mutation + audit + outbox insert,event only published after commit; consumers idempotent,YES,PB_ERR_REFLECTION_SUBMIT,INC_REFLECTION_SUBMIT,unit guard + integration transaction/outbox + contract + E2E happy/forbidden
BF-026,Message Send,POST /messages,project_b.message.sent.v1,message_thread|message,PB-M11,Sends tenant-scoped message and schedules notification,tenant_id + actor_ref + role + feature + idempotency + adapter availability,single DB transaction for mutation + audit + outbox insert,event only published after commit; consumers idempotent,YES,PB_ERR_MESSAGE_SEND,INC_MESSAGE_SEND,unit guard + integration transaction/outbox + contract + E2E happy/forbidden
BF-027,Notification Schedule,POST /notifications/schedules,project_b.notification.scheduled.v1,notification_schedule|notification_delivery_attempt,PB-M10,Schedules notification with consent and quiet-hour guards,tenant_id + actor_ref + role + feature + idempotency + adapter availability,single DB transaction for mutation + audit + outbox insert,event only published after commit; consumers idempotent,YES,PB_ERR_NOTIFICATION_SCHEDULE,INC_NOTIFICATION_SCHEDULE,unit guard + integration transaction/outbox + contract + E2E happy/forbidden
BF-028,Community Moderation Action,POST /community/moderation-actions,project_b.community.moderated.v1,moderation_action|report,PB-M12,Applies moderation action and audit,tenant_id + actor_ref + role + feature + idempotency + adapter availability,single DB transaction for mutation + audit + outbox insert,event only published after commit; consumers idempotent,YES,PB_ERR_COMMUNITY_MODERATION_ACTION,INC_COMMUNITY_MODERATION_ACTION,unit guard + integration transaction/outbox + contract + E2E happy/forbidden
BF-029,Outbox Retry / DLQ,internal worker,project_b.outbox.dead_lettered.v1,outbox_event|dead_letter_event|retry_record,PB-M17,Retries publishing and moves to DLQ after max attempts,tenant_id + actor_ref + role + feature + idempotency + adapter availability,single DB transaction for mutation + audit + outbox insert,event only published after commit; consumers idempotent,YES,PB_ERR_OUTBOX_RETRY_DLQ,INC_OUTBOX_RETRY_DLQ,unit guard + integration transaction/outbox + contract + E2E happy/forbidden
BF-030,Support Case / Incident Create,POST /support/cases,project_b.support_case.created.v1,support_case|incident_ref|audit_event,PB-M18,Creates support case or incident and links evidence,tenant_id + actor_ref + role + feature + idempotency + adapter availability,single DB transaction for mutation + audit + outbox insert,event only published after commit; consumers idempotent,YES,PB_ERR_SUPPORT_CASE_INCIDENT_CREATE,INC_SUPPORT_CASE_INCIDENT_CREATE,unit guard + integration transaction/outbox + contract + E2E happy/forbidden
