Capability ID,Capability Name,Domain,Primary Persona,Concrete Product Job,Operating Mode,Primary UI Screens,Primary Backend Modules,Owned/Referenced Data Objects,Commands,Queries,API Endpoint Family,Domain Events,Rules / Guards,Tenant / RLS Requirement,Audit Evidence,Error Codes,Incident Types,Acceptance Criteria,Required Test Cases,Cursor Prompt ID,Implementation Slice,Source Truth,Gap Status v1.0
B-001,First-party Coaching Mode,Tenant/Product Mode,Platform Owner,Founder sells own coaching app using own journeys/protocols/content,first_party|white_label|hybrid,ADM-001|ADM-002|ADM-011|CL-004|CS-001,"Tenant App Blueprint, Branding, Journey Delivery",tenant_app_blueprint|tenant_branding|journey_version,activate_blueprint|publish_journey,get/list/search relevant resources with tenant_id and actor_ref guards,/tenant-blueprints/{id}/activate,"tenant.blueprint_activated, journey.version_published",One first-party tenant config; no bypass of Core access; deny-by-default; tenant_id required; audit on privileged action,Every row with tenant-owned data carries tenant_id; support/admin reads require scoped audited support_session_ref; client rows must bind actor_ref/client_ref.,"blueprint_activation, publish_audit|policy_decision_logged|correlation_id_required",PB_ERR_TENANT_SCOPE_DENIED|PB_ERR_AUTH_REQUIRED,INC_BLUEPRINT_PUBLISH_FAILURE|INC_TENANT_CONFIG_LEAK_SUSPECT,"B-001 supports tenant-scoped happy path for First-party Coaching Mode || unauthorized actor is denied before mutation || forbidden cross-tenant access returns forbidden state and audit event || successful mutation emits expected domain event when applicable || UI exposes loading, empty, error, forbidden and success states || contract tests cover primary API endpoint and validation errors",First-party blueprint E2E|tenant_isolation|forbidden_state|audit_event|contract_validation|screen_state_render,PB-CURSOR-001,MVP-S0,Product Model Freeze|Feature Catalog|Tenant Blueprint|Enterprise Architecture Design Bundle v0.2|Closure Plan v0.3,CLOSED_FOR_G1_G4__REQUIRES_G5_G14_RECONCILIATION
B-002,White-label / Tenant Mode,Tenant/Product Mode,Tenant Admin,External coach/studio uses same platform with own brand/content/offers,first_party|white_label|hybrid,ADM-001|ADM-003|ADM-005|OPS-001|OPS-006,"Tenant Management, Branding, Content Ownership",tenant|tenant_branding|content_space,create_tenant|update_branding,get/list/search relevant resources with tenant_id and actor_ref guards,/tenants,"tenant.created, tenant.branding_updated",Tenant isolation mandatory; deny-by-default; tenant_id required; audit on privileged action,Every row with tenant-owned data carries tenant_id; support/admin reads require scoped audited support_session_ref; client rows must bind actor_ref/client_ref.,"tenant_created, branding_changed|policy_decision_logged|correlation_id_required",PB_ERR_TENANT_SCOPE_DENIED|PB_ERR_AUTH_REQUIRED,INC_BLUEPRINT_PUBLISH_FAILURE|INC_TENANT_CONFIG_LEAK_SUSPECT,"B-002 supports tenant-scoped happy path for White-label / Tenant Mode || unauthorized actor is denied before mutation || forbidden cross-tenant access returns forbidden state and audit event || successful mutation emits expected domain event when applicable || UI exposes loading, empty, error, forbidden and success states || contract tests cover primary API endpoint and validation errors",Tenant A cannot read Tenant B|tenant_isolation|forbidden_state|audit_event|contract_validation|screen_state_render,PB-CURSOR-001,MVP-S0,Product Model Freeze|Feature Catalog|Tenant Blueprint|Enterprise Architecture Design Bundle v0.2|Closure Plan v0.3,CLOSED_FOR_G1_G4__REQUIRES_G5_G14_RECONCILIATION
B-003,Coach Studio Web SaaS,Coach Studio,Coach / Tenant Admin,Coach/admin authors and manages journeys/content/clients/offers,tenant_runtime,CS-001|CS-005|CS-007|CS-017|CS-018,"Coach Studio Authoring, Commercial Overlay",coach_profile|journey_draft|content_item|offer,create_journey_draft|create_offer,get/list/search relevant resources with tenant_id and actor_ref guards,/coach/dashboard,"journey.draft_created, offer.created",Role-gated coach/admin only; deny-by-default; tenant_id required; audit on privileged action,Every row with tenant-owned data carries tenant_id; support/admin reads require scoped audited support_session_ref; client rows must bind actor_ref/client_ref.,"authoring_change, offer_change|policy_decision_logged|correlation_id_required",PB_ERR_TENANT_SCOPE_DENIED|PB_ERR_AUTH_REQUIRED,INC_AUDITABLE_SUPPORT_CASE,"B-003 supports tenant-scoped happy path for Coach Studio Web SaaS || unauthorized actor is denied before mutation || forbidden cross-tenant access returns forbidden state and audit event || successful mutation emits expected domain event when applicable || UI exposes loading, empty, error, forbidden and success states || contract tests cover primary API endpoint and validation errors",Unauthorized coach denied|tenant_isolation|forbidden_state|audit_event|contract_validation|screen_state_render,PB-CURSOR-013,MVP-S1,Product Model Freeze|Feature Catalog|Tenant Blueprint|Enterprise Architecture Design Bundle v0.2|Closure Plan v0.3,CLOSED_FOR_G1_G4__REQUIRES_G5_G14_RECONCILIATION
B-004,Branded Client App,Client App,Client,Client consumes branded journey/member experience,tenant_runtime,CL-004|CL-005|CL-006|CL-009|CL-012,"Member Home, Delivery Runtime",member_home_projection|delivery_plan_projection,get_member_home|materialize_delivery,get/list/search relevant resources with tenant_id and actor_ref guards,/member-home,"member_home.rebuilt, delivery.plan_materialized",Client only sees own tenant and assignments; deny-by-default; tenant_id required; audit on privileged action,Every row with tenant-owned data carries tenant_id; support/admin reads require scoped audited support_session_ref; client rows must bind actor_ref/client_ref.,member_access_denied|policy_decision_logged|correlation_id_required,PB_ERR_TENANT_SCOPE_DENIED|PB_ERR_AUTH_REQUIRED,INC_AUDITABLE_SUPPORT_CASE,"B-004 supports tenant-scoped happy path for Branded Client App || unauthorized actor is denied before mutation || forbidden cross-tenant access returns forbidden state and audit event || successful mutation emits expected domain event when applicable || UI exposes loading, empty, error, forbidden and success states || contract tests cover primary API endpoint and validation errors",Client cannot view other client home|tenant_isolation|forbidden_state|audit_event|contract_validation|screen_state_render,PB-CURSOR-004,MVP-S1,Product Model Freeze|Feature Catalog|Tenant Blueprint|Enterprise Architecture Design Bundle v0.2|Closure Plan v0.3,CLOSED_FOR_G1_G4__REQUIRES_G5_G14_RECONCILIATION
B-005,Tenant App Blueprint,Tenant Blueprint,Tenant Admin,"Configures feature set, content mode, branding, onboarding and delivery mode",first_party|white_label|hybrid,ADM-003|ADM-004|ADM-011|OPS-003|OPS-006,Tenant Blueprint / Solution Catalog,tenant_app_blueprint|feature_config,activate_blueprint|validate_blueprint,get/list/search relevant resources with tenant_id and actor_ref guards,/tenant-blueprints,tenant.blueprint_activated,Only one active blueprint per tenant; deny-by-default; tenant_id required; audit on privileged action,Every row with tenant-owned data carries tenant_id; support/admin reads require scoped audited support_session_ref; client rows must bind actor_ref/client_ref.,blueprint_activation|policy_decision_logged|correlation_id_required,PB_ERR_TENANT_SCOPE_DENIED|PB_ERR_AUTH_REQUIRED|PB_ERR_BLUEPRINT_VALIDATION_FAILED|PB_ERR_FEATURE_DEPENDENCY_MISSING,INC_BLUEPRINT_PUBLISH_FAILURE|INC_TENANT_CONFIG_LEAK_SUSPECT,"B-005 supports tenant-scoped happy path for Tenant App Blueprint || unauthorized actor is denied before mutation || forbidden cross-tenant access returns forbidden state and audit event || successful mutation emits expected domain event when applicable || UI exposes loading, empty, error, forbidden and success states || contract tests cover primary API endpoint and validation errors",Blueprint dependency failure test|tenant_isolation|forbidden_state|audit_event|contract_validation|screen_state_render,PB-CURSOR-001,MVP-S0,Product Model Freeze|Feature Catalog|Tenant Blueprint|Enterprise Architecture Design Bundle v0.2|Closure Plan v0.3,CLOSED_FOR_G1_G4__REQUIRES_G5_G14_RECONCILIATION
B-006,Feature Configuration,Tenant Blueprint,Tenant Admin,Tenant selects enabled/disabled feature modules,first_party|white_label|hybrid,ADM-004|ADM-011|CS-001|OPS-003,Feature Catalog,tenant_feature_config|feature_dependency,update_feature_config,get/list/search relevant resources with tenant_id and actor_ref guards,/feature-configurations,tenant.feature_config_updated,No feature without dependency and entitlement; deny-by-default; tenant_id required; audit on privileged action,Every row with tenant-owned data carries tenant_id; support/admin reads require scoped audited support_session_ref; client rows must bind actor_ref/client_ref.,feature_config_change|policy_decision_logged|correlation_id_required,PB_ERR_TENANT_SCOPE_DENIED|PB_ERR_AUTH_REQUIRED|PB_ERR_BLUEPRINT_VALIDATION_FAILED|PB_ERR_FEATURE_DEPENDENCY_MISSING,INC_BLUEPRINT_PUBLISH_FAILURE|INC_TENANT_CONFIG_LEAK_SUSPECT,"B-006 supports tenant-scoped happy path for Feature Configuration || unauthorized actor is denied before mutation || forbidden cross-tenant access returns forbidden state and audit event || successful mutation emits expected domain event when applicable || UI exposes loading, empty, error, forbidden and success states || contract tests cover primary API endpoint and validation errors",Dependency matrix test|tenant_isolation|forbidden_state|audit_event|contract_validation|screen_state_render,PB-CURSOR-002,MVP-S0,Product Model Freeze|Feature Catalog|Tenant Blueprint|Enterprise Architecture Design Bundle v0.2|Closure Plan v0.3,CLOSED_FOR_G1_G4__REQUIRES_G5_G14_RECONCILIATION
B-007,Branding / Theme,Branding,Tenant Admin,Tenant can brand app without changing core truth,first_party|white_label|hybrid,ADM-005|CL-004|CS-001|OPS-006,Branding Surface Composition,tenant_branding|theme_token,update_branding,get/list/search relevant resources with tenant_id and actor_ref guards,/tenant-branding,tenant.branding_updated,Branding cannot imply clinical/safety claims; deny-by-default; tenant_id required; audit on privileged action,Every row with tenant-owned data carries tenant_id; support/admin reads require scoped audited support_session_ref; client rows must bind actor_ref/client_ref.,branding_changed|policy_decision_logged|correlation_id_required,PB_ERR_TENANT_SCOPE_DENIED|PB_ERR_AUTH_REQUIRED|PB_ERR_BLUEPRINT_VALIDATION_FAILED|PB_ERR_FEATURE_DEPENDENCY_MISSING,INC_BLUEPRINT_PUBLISH_FAILURE|INC_TENANT_CONFIG_LEAK_SUSPECT,"B-007 supports tenant-scoped happy path for Branding / Theme || unauthorized actor is denied before mutation || forbidden cross-tenant access returns forbidden state and audit event || successful mutation emits expected domain event when applicable || UI exposes loading, empty, error, forbidden and success states || contract tests cover primary API endpoint and validation errors",Theme fetch tenant-scoped|tenant_isolation|forbidden_state|audit_event|contract_validation|screen_state_render,PB-CURSOR-001,MVP-S1,Product Model Freeze|Feature Catalog|Tenant Blueprint|Enterprise Architecture Design Bundle v0.2|Closure Plan v0.3,CLOSED_FOR_G1_G4__REQUIRES_G5_G14_RECONCILIATION
B-008,Onboarding Flow,Onboarding,Client + Tenant Admin,Tenant/coach defines guided client onboarding,tenant_runtime,ADM-006|CL-001|CL-002|CL-003|OPS-005,Onboarding Composer,onboarding_flow|onboarding_step|onboarding_submission,publish_onboarding_flow|submit_onboarding,get/list/search relevant resources with tenant_id and actor_ref guards,/onboarding-flows,"onboarding.flow_published, onboarding.submitted",Consent and eligibility gates before sensitive asks; deny-by-default; tenant_id required; audit on privileged action,Every row with tenant-owned data carries tenant_id; support/admin reads require scoped audited support_session_ref; client rows must bind actor_ref/client_ref.,onboarding_submitted|policy_decision_logged|correlation_id_required,PB_ERR_TENANT_SCOPE_DENIED|PB_ERR_AUTH_REQUIRED|PB_ERR_BLUEPRINT_VALIDATION_FAILED|PB_ERR_FEATURE_DEPENDENCY_MISSING,INC_AUDITABLE_SUPPORT_CASE,"B-008 supports tenant-scoped happy path for Onboarding Flow || unauthorized actor is denied before mutation || forbidden cross-tenant access returns forbidden state and audit event || successful mutation emits expected domain event when applicable || UI exposes loading, empty, error, forbidden and success states || contract tests cover primary API endpoint and validation errors",Sensitive question requires consent|tenant_isolation|forbidden_state|audit_event|contract_validation|screen_state_render,PB-CURSOR-003,MVP-S1,Product Model Freeze|Feature Catalog|Tenant Blueprint|Enterprise Architecture Design Bundle v0.2|Closure Plan v0.3,CLOSED_FOR_G1_G4__REQUIRES_G5_G14_RECONCILIATION
B-009,Member Area / Client Portal,Member Area,Client,"Client portal for assignments, next unit, resources and progress",tenant_runtime,CL-004|CL-005|CL-009|CL-015|OPS-003,"Member Home, Content Delivery",member_area_config|content_assignment|progress_summary,get_member_area|assign_content,get/list/search relevant resources with tenant_id and actor_ref guards,/member-home,"content.assigned, member_home.rebuilt",Gated by entitlement and assignment; deny-by-default; tenant_id required; audit on privileged action,Every row with tenant-owned data carries tenant_id; support/admin reads require scoped audited support_session_ref; client rows must bind actor_ref/client_ref.,content_access_denied|policy_decision_logged|correlation_id_required,PB_ERR_TENANT_SCOPE_DENIED|PB_ERR_AUTH_REQUIRED|PB_ERR_ENTITLEMENT_DENIED|PB_ERR_ACCESS_REVOKED,INC_ENROLLMENT_DESYNC|INC_ACCESS_DECISION_MISMATCH,"B-009 supports tenant-scoped happy path for Member Area / Client Portal || unauthorized actor is denied before mutation || forbidden cross-tenant access returns forbidden state and audit event || successful mutation emits expected domain event when applicable || UI exposes loading, empty, error, forbidden and success states || contract tests cover primary API endpoint and validation errors",No entitlement no content|tenant_isolation|forbidden_state|audit_event|contract_validation|screen_state_render,PB-CURSOR-004,MVP-S1,Product Model Freeze|Feature Catalog|Tenant Blueprint|Enterprise Architecture Design Bundle v0.2|Closure Plan v0.3,CLOSED_FOR_G1_G4__REQUIRES_G5_G14_RECONCILIATION
B-010,Journey Authoring / Versioning,Journey,Coach,Coach authors typed versioned journey programs,tenant_runtime,CS-007|CS-008|CS-009|OPS-006,Journey Authoring,journey_draft|journey_version|journey_phase|journey_step,create_journey_draft|publish_journey_version,get/list/search relevant resources with tenant_id and actor_ref guards,/journeys,"journey.draft_created, journey.version_published",Draft cannot be assigned; published immutable; deny-by-default; tenant_id required; audit on privileged action,Every row with tenant-owned data carries tenant_id; support/admin reads require scoped audited support_session_ref; client rows must bind actor_ref/client_ref.,journey_publish|policy_decision_logged|correlation_id_required,PB_ERR_TENANT_SCOPE_DENIED|PB_ERR_AUTH_REQUIRED|PB_ERR_PUBLISH_VALIDATION_FAILED|PB_ERR_CANONICAL_REF_INVALID,INC_AUDITABLE_SUPPORT_CASE,"B-010 supports tenant-scoped happy path for Journey Authoring / Versioning || unauthorized actor is denied before mutation || forbidden cross-tenant access returns forbidden state and audit event || successful mutation emits expected domain event when applicable || UI exposes loading, empty, error, forbidden and success states || contract tests cover primary API endpoint and validation errors",Draft assignment denied|tenant_isolation|forbidden_state|audit_event|contract_validation|screen_state_render,PB-CURSOR-005,MVP-S1,Product Model Freeze|Feature Catalog|Tenant Blueprint|Enterprise Architecture Design Bundle v0.2|Closure Plan v0.3,CLOSED_FOR_G1_G4__REQUIRES_G5_G14_RECONCILIATION
B-011,Content Management / Delivery,Content,Coach + Client,"Manage content assets, collections and canonical/coach-owned composition",tenant_runtime,CS-010|CS-011|CL-009|CL-006|OPS-006,Content Composition,content_space|content_collection|content_item|canonical_ref_binding,bind_canonical_ref|compose_content,get/list/search relevant resources with tenant_id and actor_ref guards,/content-spaces,"content.item_created, content.canonical_ref_bound",Canonical refs validated; coach-owned content non-authoritative; deny-by-default; tenant_id required; audit on privileged action,Every row with tenant-owned data carries tenant_id; support/admin reads require scoped audited support_session_ref; client rows must bind actor_ref/client_ref.,canonical_binding|policy_decision_logged|correlation_id_required,PB_ERR_TENANT_SCOPE_DENIED|PB_ERR_AUTH_REQUIRED|PB_ERR_PUBLISH_VALIDATION_FAILED|PB_ERR_CANONICAL_REF_INVALID,INC_AUDITABLE_SUPPORT_CASE,"B-011 supports tenant-scoped happy path for Content Management / Delivery || unauthorized actor is denied before mutation || forbidden cross-tenant access returns forbidden state and audit event || successful mutation emits expected domain event when applicable || UI exposes loading, empty, error, forbidden and success states || contract tests cover primary API endpoint and validation errors",Invalid ref publish block|tenant_isolation|forbidden_state|audit_event|contract_validation|screen_state_render,PB-CURSOR-005,MVP-S1,Product Model Freeze|Feature Catalog|Tenant Blueprint|Enterprise Architecture Design Bundle v0.2|Closure Plan v0.3,CLOSED_FOR_G1_G4__REQUIRES_G5_G14_RECONCILIATION
B-012,Assignment / Enrollment,Enrollment,Coach,Assign published journeys to clients/cohorts and start enrollment,tenant_runtime,CS-005|CS-012|CS-013|CL-004|OPS-003,Assignment Enrollment,assignment|enrollment|enrollment_status,assign_journey|start_enrollment,get/list/search relevant resources with tenant_id and actor_ref guards,/assignments,"journey.assigned, enrollment.started",Published version + Core access allow required; deny-by-default; tenant_id required; audit on privileged action,Every row with tenant-owned data carries tenant_id; support/admin reads require scoped audited support_session_ref; client rows must bind actor_ref/client_ref.,assignment_created|policy_decision_logged|correlation_id_required,PB_ERR_TENANT_SCOPE_DENIED|PB_ERR_AUTH_REQUIRED|PB_ERR_ENTITLEMENT_DENIED|PB_ERR_ACCESS_REVOKED,INC_ENROLLMENT_DESYNC|INC_ACCESS_DECISION_MISMATCH,"B-012 supports tenant-scoped happy path for Assignment / Enrollment || unauthorized actor is denied before mutation || forbidden cross-tenant access returns forbidden state and audit event || successful mutation emits expected domain event when applicable || UI exposes loading, empty, error, forbidden and success states || contract tests cover primary API endpoint and validation errors",No draft/no Core allow activation|tenant_isolation|forbidden_state|audit_event|contract_validation|screen_state_render,PB-CURSOR-006,MVP-S1,Product Model Freeze|Feature Catalog|Tenant Blueprint|Enterprise Architecture Design Bundle v0.2|Closure Plan v0.3,CLOSED_FOR_G1_G4__REQUIRES_G5_G14_RECONCILIATION
B-013,Progress / Next Step,Delivery/Progress,Client + Coach,Show next step/progress and record completion/reflection,tenant_runtime,CL-004|CL-006|CL-007|CL-008|CS-018,Delivery + Reflection,step_completion|reflection_entry|progress_projection,complete_step|submit_reflection,get/list/search relevant resources with tenant_id and actor_ref guards,/progress,"task.completed, reflection.submitted",Only available steps complete; privacy visibility honored; deny-by-default; tenant_id required; audit on privileged action,Every row with tenant-owned data carries tenant_id; support/admin reads require scoped audited support_session_ref; client rows must bind actor_ref/client_ref.,reflection_submitted|policy_decision_logged|correlation_id_required,PB_ERR_TENANT_SCOPE_DENIED|PB_ERR_AUTH_REQUIRED|PB_ERR_ENTITLEMENT_DENIED|PB_ERR_ACCESS_REVOKED,INC_ENROLLMENT_DESYNC|INC_ACCESS_DECISION_MISMATCH,"B-013 supports tenant-scoped happy path for Progress / Next Step || unauthorized actor is denied before mutation || forbidden cross-tenant access returns forbidden state and audit event || successful mutation emits expected domain event when applicable || UI exposes loading, empty, error, forbidden and success states || contract tests cover primary API endpoint and validation errors",Hidden reflection not visible to coach|tenant_isolation|forbidden_state|audit_event|contract_validation|screen_state_render,PB-CURSOR-007,MVP-S1,Product Model Freeze|Feature Catalog|Tenant Blueprint|Enterprise Architecture Design Bundle v0.2|Closure Plan v0.3,CLOSED_FOR_G1_G4__REQUIRES_G5_G14_RECONCILIATION
B-014,Notifications,Engagement,Client + Coach,Tenant/coach schedules reminders/nudges/pushes,tenant_runtime,ADM-007|CL-015|OPS-008|OPS-009,Notification Orchestration,notification_template|schedule|delivery_attempt,schedule_notification|send_push,get/list/search relevant resources with tenant_id and actor_ref guards,/notifications,"notification.scheduled, notification.sent",No push without consent/preference; deny-by-default; tenant_id required; audit on privileged action,Every row with tenant-owned data carries tenant_id; support/admin reads require scoped audited support_session_ref; client rows must bind actor_ref/client_ref.,notification_suppressed|policy_decision_logged|correlation_id_required,PB_ERR_TENANT_SCOPE_DENIED|PB_ERR_AUTH_REQUIRED|PB_ERR_ENTITLEMENT_DENIED|PB_ERR_ACCESS_REVOKED,INC_NOTIFICATION_DELIVERY_FAILURE,"B-014 supports tenant-scoped happy path for Notifications || unauthorized actor is denied before mutation || forbidden cross-tenant access returns forbidden state and audit event || successful mutation emits expected domain event when applicable || UI exposes loading, empty, error, forbidden and success states || contract tests cover primary API endpoint and validation errors",No consent no send|tenant_isolation|forbidden_state|audit_event|contract_validation|screen_state_render,PB-CURSOR-008,MVP-S2,Product Model Freeze|Feature Catalog|Tenant Blueprint|Enterprise Architecture Design Bundle v0.2|Closure Plan v0.3,CLOSED_FOR_G1_G4__REQUIRES_G5_G14_RECONCILIATION
B-015,Messaging / Coach Messages,Engagement,Client + Coach,Coach sends messages/interventions to clients,tenant_runtime,CS-014|CL-010|CS-015|OPS-006,Messaging Intervention,message_thread|message|intervention_note,send_message|create_intervention,get/list/search relevant resources with tenant_id and actor_ref guards,/messages,"message.sent, intervention.created",Same tenant + active access only; deny-by-default; tenant_id required; audit on privileged action,Every row with tenant-owned data carries tenant_id; support/admin reads require scoped audited support_session_ref; client rows must bind actor_ref/client_ref.,message_sent|policy_decision_logged|correlation_id_required,PB_ERR_TENANT_SCOPE_DENIED|PB_ERR_AUTH_REQUIRED|PB_ERR_ENTITLEMENT_DENIED|PB_ERR_ACCESS_REVOKED,INC_AUDITABLE_SUPPORT_CASE,"B-015 supports tenant-scoped happy path for Messaging / Coach Messages || unauthorized actor is denied before mutation || forbidden cross-tenant access returns forbidden state and audit event || successful mutation emits expected domain event when applicable || UI exposes loading, empty, error, forbidden and success states || contract tests cover primary API endpoint and validation errors",Revoked client cannot receive new message|tenant_isolation|forbidden_state|audit_event|contract_validation|screen_state_render,PB-CURSOR-009,MVP-S2,Product Model Freeze|Feature Catalog|Tenant Blueprint|Enterprise Architecture Design Bundle v0.2|Closure Plan v0.3,CLOSED_FOR_G1_G4__REQUIRES_G5_G14_RECONCILIATION
B-016,Community / Moderation,Community,Client + Coach + Moderator,Tenant spaces/forum/groups/challenges with moderation,tenant_runtime,ADM-008|CL-011|CS-016|OPS-009,Community Moderation,community_space|post|comment|report|moderation_action,create_post|moderate_content,get/list/search relevant resources with tenant_id and actor_ref guards,/community,"community.post_created, moderation.actioned","Tenant-scoped, entitlement-gated, moderated; deny-by-default; tenant_id required; audit on privileged action",Every row with tenant-owned data carries tenant_id; support/admin reads require scoped audited support_session_ref; client rows must bind actor_ref/client_ref.,moderation_action|policy_decision_logged|correlation_id_required,PB_ERR_TENANT_SCOPE_DENIED|PB_ERR_AUTH_REQUIRED|PB_ERR_COMMUNITY_MODERATION_REQUIRED|PB_ERR_POST_FORBIDDEN,INC_COMMUNITY_ABUSE|INC_MODERATION_ESCALATION,"B-016 supports tenant-scoped happy path for Community / Moderation || unauthorized actor is denied before mutation || forbidden cross-tenant access returns forbidden state and audit event || successful mutation emits expected domain event when applicable || UI exposes loading, empty, error, forbidden and success states || contract tests cover primary API endpoint and validation errors",Cross-tenant feed denied|tenant_isolation|forbidden_state|audit_event|contract_validation|screen_state_render,PB-CURSOR-010,MVP-S2,Product Model Freeze|Feature Catalog|Tenant Blueprint|Enterprise Architecture Design Bundle v0.2|Closure Plan v0.3,CLOSED_FOR_G1_G4__REQUIRES_G5_G14_RECONCILIATION
B-017,Offers / Plans / Bundles / Tiers,Commerce,Coach + Prospect,Define plans/packages and gated access,first_party|white_label|hybrid,ADM-009|CS-017|PUB-004|OPS-004,Commercial Overlay,plan|bundle|offer|entitlement_activation_ref,create_offer|create_plan,get/list/search relevant resources with tenant_id and actor_ref guards,/offers,"offer.created, entitlement.changed_requested",Commerce downstream of eligibility/payment/agreement; deny-by-default; tenant_id required; audit on privileged action,Every row with tenant-owned data carries tenant_id; support/admin reads require scoped audited support_session_ref; client rows must bind actor_ref/client_ref.,offer_change|policy_decision_logged|correlation_id_required,PB_ERR_TENANT_SCOPE_DENIED|PB_ERR_AUTH_REQUIRED|PB_ERR_PAYMENT_REQUIRED|PB_ERR_AGREEMENT_REQUIRED|PB_ERR_PROVIDER_SYNC_FAILED,INC_AUDITABLE_SUPPORT_CASE,"B-017 supports tenant-scoped happy path for Offers / Plans / Bundles / Tiers || unauthorized actor is denied before mutation || forbidden cross-tenant access returns forbidden state and audit event || successful mutation emits expected domain event when applicable || UI exposes loading, empty, error, forbidden and success states || contract tests cover primary API endpoint and validation errors",No paid access before gates|tenant_isolation|forbidden_state|audit_event|contract_validation|screen_state_render,PB-CURSOR-011,MVP-S1,Product Model Freeze|Feature Catalog|Tenant Blueprint|Enterprise Architecture Design Bundle v0.2|Closure Plan v0.3,CLOSED_FOR_G1_G4__REQUIRES_G5_G14_RECONCILIATION
B-018,Coach Mobile Surface,Coach Mobile,Coach,Optional mobile coach operations surface,tenant_runtime,CSM-001|CSM-002|CS-014|CS-018,Coach Mobile Adapter,coach_inbox_projection|client_summary_projection,acknowledge_risk|send_quick_message,get/list/search relevant resources with tenant_id and actor_ref guards,/coach/mobile-home,coach.mobile_action_recorded,No privileged admin outside web unless approved; deny-by-default; tenant_id required; audit on privileged action,Every row with tenant-owned data carries tenant_id; support/admin reads require scoped audited support_session_ref; client rows must bind actor_ref/client_ref.,coach_action_audit|policy_decision_logged|correlation_id_required,PB_ERR_TENANT_SCOPE_DENIED|PB_ERR_AUTH_REQUIRED,INC_AUDITABLE_SUPPORT_CASE,"B-018 supports tenant-scoped happy path for Coach Mobile Surface || unauthorized actor is denied before mutation || forbidden cross-tenant access returns forbidden state and audit event || successful mutation emits expected domain event when applicable || UI exposes loading, empty, error, forbidden and success states || contract tests cover primary API endpoint and validation errors",Mobile cannot bypass web permissions|tenant_isolation|forbidden_state|audit_event|contract_validation|screen_state_render,PB-CURSOR-013,LATER,Product Model Freeze|Feature Catalog|Tenant Blueprint|Enterprise Architecture Design Bundle v0.2|Closure Plan v0.3,CLOSED_FOR_G1_G4__REQUIRES_G5_G14_RECONCILIATION
B-019,Lead / Prospect CRM,CRM,Prospect + Coach,Capture and manage prospects before paid engagement,tenant_runtime,PUB-002|CS-002|CS-003,Commercial CRM,lead|prospect,create_lead|update_lead,get/list/search relevant resources with tenant_id and actor_ref guards,/leads,lead.created,Tenant owns lead data; consent for marketing; deny-by-default; tenant_id required; audit on privileged action,Every row with tenant-owned data carries tenant_id; support/admin reads require scoped audited support_session_ref; client rows must bind actor_ref/client_ref.,lead_created|policy_decision_logged|correlation_id_required,PB_ERR_TENANT_SCOPE_DENIED|PB_ERR_AUTH_REQUIRED|PB_ERR_PAYMENT_REQUIRED|PB_ERR_AGREEMENT_REQUIRED|PB_ERR_PROVIDER_SYNC_FAILED,INC_AUDITABLE_SUPPORT_CASE,"B-019 supports tenant-scoped happy path for Lead / Prospect CRM || unauthorized actor is denied before mutation || forbidden cross-tenant access returns forbidden state and audit event || successful mutation emits expected domain event when applicable || UI exposes loading, empty, error, forbidden and success states || contract tests cover primary API endpoint and validation errors",Lead belongs to tenant|tenant_isolation|forbidden_state|audit_event|contract_validation|screen_state_render,PB-CURSOR-012,MVP-S0,Product Model Freeze|Feature Catalog|Tenant Blueprint|Enterprise Architecture Design Bundle v0.2|Closure Plan v0.3,CLOSED_FOR_G1_G4__REQUIRES_G5_G14_RECONCILIATION
B-020,Sales Pipeline,CRM,Coach,Track prospect movement through pipeline,tenant_runtime,CS-003|CS-002|CS-018,Sales Pipeline,pipeline_stage|pipeline_transition,move_pipeline_stage,get/list/search relevant resources with tenant_id and actor_ref guards,/pipeline,pipeline.stage_changed,Allowed transitions only; deny-by-default; tenant_id required; audit on privileged action,Every row with tenant-owned data carries tenant_id; support/admin reads require scoped audited support_session_ref; client rows must bind actor_ref/client_ref.,pipeline_transition|policy_decision_logged|correlation_id_required,PB_ERR_TENANT_SCOPE_DENIED|PB_ERR_AUTH_REQUIRED|PB_ERR_PAYMENT_REQUIRED|PB_ERR_AGREEMENT_REQUIRED|PB_ERR_PROVIDER_SYNC_FAILED,INC_AUDITABLE_SUPPORT_CASE,"B-020 supports tenant-scoped happy path for Sales Pipeline || unauthorized actor is denied before mutation || forbidden cross-tenant access returns forbidden state and audit event || successful mutation emits expected domain event when applicable || UI exposes loading, empty, error, forbidden and success states || contract tests cover primary API endpoint and validation errors",Illegal transition denied|tenant_isolation|forbidden_state|audit_event|contract_validation|screen_state_render,PB-CURSOR-012,MVP-S0,Product Model Freeze|Feature Catalog|Tenant Blueprint|Enterprise Architecture Design Bundle v0.2|Closure Plan v0.3,CLOSED_FOR_G1_G4__REQUIRES_G5_G14_RECONCILIATION
B-021,Discovery Call Booking,Booking,Prospect + Coach,Book initial call and connect to offer path,tenant_runtime,PUB-003|CS-004|CL-013,Booking,booking_request|discovery_call,book_discovery_call,get/list/search relevant resources with tenant_id and actor_ref guards,/booking-requests,discovery_call.booked,Availability + anti-spam + tenant scope; deny-by-default; tenant_id required; audit on privileged action,Every row with tenant-owned data carries tenant_id; support/admin reads require scoped audited support_session_ref; client rows must bind actor_ref/client_ref.,booking_created|policy_decision_logged|correlation_id_required,PB_ERR_TENANT_SCOPE_DENIED|PB_ERR_AUTH_REQUIRED|PB_ERR_PAYMENT_REQUIRED|PB_ERR_AGREEMENT_REQUIRED|PB_ERR_PROVIDER_SYNC_FAILED,INC_AUDITABLE_SUPPORT_CASE,"B-021 supports tenant-scoped happy path for Discovery Call Booking || unauthorized actor is denied before mutation || forbidden cross-tenant access returns forbidden state and audit event || successful mutation emits expected domain event when applicable || UI exposes loading, empty, error, forbidden and success states || contract tests cover primary API endpoint and validation errors",Double booking denied|tenant_isolation|forbidden_state|audit_event|contract_validation|screen_state_render,PB-CURSOR-012,MVP-S0,Product Model Freeze|Feature Catalog|Tenant Blueprint|Enterprise Architecture Design Bundle v0.2|Closure Plan v0.3,CLOSED_FOR_G1_G4__REQUIRES_G5_G14_RECONCILIATION
B-022,Checkout / Payment,Payment,Prospect + Payment Provider,Start checkout and receive payment confirmation,tenant_runtime,PUB-004|OPS-010|OPS-004,Payment Adapter,checkout_session|payment_record_ref,start_checkout|receive_webhook,get/list/search relevant resources with tenant_id and actor_ref guards,/checkout-sessions,"checkout.started, payment.confirmed","Payment provider ledger truth, idempotent webhook; deny-by-default; tenant_id required; audit on privileged action",Every row with tenant-owned data carries tenant_id; support/admin reads require scoped audited support_session_ref; client rows must bind actor_ref/client_ref.,payment_webhook|policy_decision_logged|correlation_id_required,PB_ERR_TENANT_SCOPE_DENIED|PB_ERR_AUTH_REQUIRED|PB_ERR_PAYMENT_REQUIRED|PB_ERR_AGREEMENT_REQUIRED|PB_ERR_PROVIDER_SYNC_FAILED,INC_PAYMENT_WEBHOOK_FAILURE|INC_REVENUE_RECONCILIATION_MISMATCH,"B-022 supports tenant-scoped happy path for Checkout / Payment || unauthorized actor is denied before mutation || forbidden cross-tenant access returns forbidden state and audit event || successful mutation emits expected domain event when applicable || UI exposes loading, empty, error, forbidden and success states || contract tests cover primary API endpoint and validation errors",Duplicate webhook idempotent|tenant_isolation|forbidden_state|audit_event|contract_validation|screen_state_render,PB-CURSOR-012,MVP-S0,Product Model Freeze|Feature Catalog|Tenant Blueprint|Enterprise Architecture Design Bundle v0.2|Closure Plan v0.3,CLOSED_FOR_G1_G4__REQUIRES_G5_G14_RECONCILIATION
B-023,Agreement / Contract Status,Agreement,Prospect + Coach,Capture agreement signed/required status,tenant_runtime,PUB-005|OPS-011|CS-006,Agreement Gate,agreement_status|agreement_record_ref,mark_agreement_signed,get/list/search relevant resources with tenant_id and actor_ref guards,/agreements,agreement.signed,Agreement required before activation where configured; deny-by-default; tenant_id required; audit on privileged action,Every row with tenant-owned data carries tenant_id; support/admin reads require scoped audited support_session_ref; client rows must bind actor_ref/client_ref.,agreement_signed|policy_decision_logged|correlation_id_required,PB_ERR_TENANT_SCOPE_DENIED|PB_ERR_AUTH_REQUIRED|PB_ERR_PAYMENT_REQUIRED|PB_ERR_AGREEMENT_REQUIRED|PB_ERR_PROVIDER_SYNC_FAILED,INC_PAYMENT_WEBHOOK_FAILURE|INC_REVENUE_RECONCILIATION_MISMATCH,"B-023 supports tenant-scoped happy path for Agreement / Contract Status || unauthorized actor is denied before mutation || forbidden cross-tenant access returns forbidden state and audit event || successful mutation emits expected domain event when applicable || UI exposes loading, empty, error, forbidden and success states || contract tests cover primary API endpoint and validation errors",No agreement no onboarding if required|tenant_isolation|forbidden_state|audit_event|contract_validation|screen_state_render,PB-CURSOR-012,MVP-S0,Product Model Freeze|Feature Catalog|Tenant Blueprint|Enterprise Architecture Design Bundle v0.2|Closure Plan v0.3,CLOSED_FOR_G1_G4__REQUIRES_G5_G14_RECONCILIATION
B-024,Client Lifecycle Timeline,Lifecycle,Coach,Unify prospect→client→renewal events,tenant_runtime,CS-006|CS-013|CS-018|OPS-003,Lifecycle Timeline,client_lifecycle_event,append_lifecycle_event,get/list/search relevant resources with tenant_id and actor_ref guards,/client-lifecycle,client.lifecycle_event_recorded,Event provenance immutable; deny-by-default; tenant_id required; audit on privileged action,Every row with tenant-owned data carries tenant_id; support/admin reads require scoped audited support_session_ref; client rows must bind actor_ref/client_ref.,lifecycle_event|policy_decision_logged|correlation_id_required,PB_ERR_TENANT_SCOPE_DENIED|PB_ERR_AUTH_REQUIRED,INC_AUDITABLE_SUPPORT_CASE,"B-024 supports tenant-scoped happy path for Client Lifecycle Timeline || unauthorized actor is denied before mutation || forbidden cross-tenant access returns forbidden state and audit event || successful mutation emits expected domain event when applicable || UI exposes loading, empty, error, forbidden and success states || contract tests cover primary API endpoint and validation errors",Timeline ordered by occurred_at|tenant_isolation|forbidden_state|audit_event|contract_validation|screen_state_render,PB-CURSOR-007,MVP-S1,Product Model Freeze|Feature Catalog|Tenant Blueprint|Enterprise Architecture Design Bundle v0.2|Closure Plan v0.3,CLOSED_FOR_G1_G4__REQUIRES_G5_G14_RECONCILIATION
B-025,Renewal / Upsell Trigger,Renewal,Coach,Detect renewal opportunity after progress/dropoff,tenant_runtime,CS-006|CS-017|CL-014|CS-018,Lifecycle/Revenue,renewal_trigger,trigger_renewal,get/list/search relevant resources with tenant_id and actor_ref guards,/renewals,renewal.triggered,No exploitative health-like targeting; deny-by-default; tenant_id required; audit on privileged action,Every row with tenant-owned data carries tenant_id; support/admin reads require scoped audited support_session_ref; client rows must bind actor_ref/client_ref.,renewal_triggered|policy_decision_logged|correlation_id_required,PB_ERR_TENANT_SCOPE_DENIED|PB_ERR_AUTH_REQUIRED|PB_ERR_PAYMENT_REQUIRED|PB_ERR_AGREEMENT_REQUIRED|PB_ERR_PROVIDER_SYNC_FAILED,INC_AUDITABLE_SUPPORT_CASE,"B-025 supports tenant-scoped happy path for Renewal / Upsell Trigger || unauthorized actor is denied before mutation || forbidden cross-tenant access returns forbidden state and audit event || successful mutation emits expected domain event when applicable || UI exposes loading, empty, error, forbidden and success states || contract tests cover primary API endpoint and validation errors",Trigger based on allowed signals|tenant_isolation|forbidden_state|audit_event|contract_validation|screen_state_render,PB-CURSOR-011,MVP-S2,Product Model Freeze|Feature Catalog|Tenant Blueprint|Enterprise Architecture Design Bundle v0.2|Closure Plan v0.3,CLOSED_FOR_G1_G4__REQUIRES_G5_G14_RECONCILIATION
B-026,Calendar Integration,Calendar,Client + Coach,Sync/export bookings and sessions,tenant_runtime,ADM-010|CS-004|CL-013|OPS-009,Calendar Adapter,calendar_connection|calendar_event_ref,connect_calendar|export_event,get/list/search relevant resources with tenant_id and actor_ref guards,/calendar-integrations,calendar.export_requested,Consent and provider scope required; deny-by-default; tenant_id required; audit on privileged action,Every row with tenant-owned data carries tenant_id; support/admin reads require scoped audited support_session_ref; client rows must bind actor_ref/client_ref.,calendar_export|policy_decision_logged|correlation_id_required,PB_ERR_TENANT_SCOPE_DENIED|PB_ERR_AUTH_REQUIRED,INC_AUDITABLE_SUPPORT_CASE,"B-026 supports tenant-scoped happy path for Calendar Integration || unauthorized actor is denied before mutation || forbidden cross-tenant access returns forbidden state and audit event || successful mutation emits expected domain event when applicable || UI exposes loading, empty, error, forbidden and success states || contract tests cover primary API endpoint and validation errors",Revoked consent blocks export|tenant_isolation|forbidden_state|audit_event|contract_validation|screen_state_render,PB-CURSOR-012,MVP-S2,Product Model Freeze|Feature Catalog|Tenant Blueprint|Enterprise Architecture Design Bundle v0.2|Closure Plan v0.3,CLOSED_FOR_G1_G4__REQUIRES_G5_G14_RECONCILIATION
B-027,Business Metrics Dashboard,Analytics,Coach + Tenant Admin,"Show revenue, pipeline and engagement metrics",tenant_runtime,CS-018|CS-019|OPS-008,Reporting Analytics,revenue_metric_projection|pipeline_metric,rebuild_metrics,get/list/search relevant resources with tenant_id and actor_ref guards,/analytics/business,analytics.metrics_rebuilt,Tenant aggregation isolation; deny-by-default; tenant_id required; audit on privileged action,Every row with tenant-owned data carries tenant_id; support/admin reads require scoped audited support_session_ref; client rows must bind actor_ref/client_ref.,metrics_rebuild|policy_decision_logged|correlation_id_required,PB_ERR_TENANT_SCOPE_DENIED|PB_ERR_AUTH_REQUIRED|PB_ERR_ANALYTICS_STALE|PB_ERR_METRIC_SCOPE_DENIED,INC_ANALYTICS_PIPELINE_LAG,"B-027 supports tenant-scoped happy path for Business Metrics Dashboard || unauthorized actor is denied before mutation || forbidden cross-tenant access returns forbidden state and audit event || successful mutation emits expected domain event when applicable || UI exposes loading, empty, error, forbidden and success states || contract tests cover primary API endpoint and validation errors",Tenant sees only own metrics|tenant_isolation|forbidden_state|audit_event|contract_validation|screen_state_render,PB-CURSOR-013,MVP-S2,Product Model Freeze|Feature Catalog|Tenant Blueprint|Enterprise Architecture Design Bundle v0.2|Closure Plan v0.3,CLOSED_FOR_G1_G4__REQUIRES_G5_G14_RECONCILIATION
B-028,Drop-off / Client Risk Signal,Risk,Coach,Surface engagement risk/advisory signal,tenant_runtime,CS-018|CS-006|OPS-009,Reporting Analytics,client_risk_signal,calculate_risk_signals,get/list/search relevant resources with tenant_id and actor_ref guards,/analytics/risk-signals,client.risk_signal_detected,"Advisory only, no medical diagnosis; deny-by-default; tenant_id required; audit on privileged action",Every row with tenant-owned data carries tenant_id; support/admin reads require scoped audited support_session_ref; client rows must bind actor_ref/client_ref.,risk_signal|policy_decision_logged|correlation_id_required,PB_ERR_TENANT_SCOPE_DENIED|PB_ERR_AUTH_REQUIRED|PB_ERR_ANALYTICS_STALE|PB_ERR_METRIC_SCOPE_DENIED,INC_ANALYTICS_PIPELINE_LAG,"B-028 supports tenant-scoped happy path for Drop-off / Client Risk Signal || unauthorized actor is denied before mutation || forbidden cross-tenant access returns forbidden state and audit event || successful mutation emits expected domain event when applicable || UI exposes loading, empty, error, forbidden and success states || contract tests cover primary API endpoint and validation errors",No PII leakage in aggregate|tenant_isolation|forbidden_state|audit_event|contract_validation|screen_state_render,PB-CURSOR-007,MVP-S2,Product Model Freeze|Feature Catalog|Tenant Blueprint|Enterprise Architecture Design Bundle v0.2|Closure Plan v0.3,CLOSED_FOR_G1_G4__REQUIRES_G5_G14_RECONCILIATION
B-029,Revenue Reporting,Revenue,Coach + Tenant Admin,Revenue and plan/bundle reporting,tenant_runtime,CS-019|CS-018|OPS-010,Commercial Reporting,revenue_report_projection,generate_revenue_report,get/list/search relevant resources with tenant_id and actor_ref guards,/analytics/revenue,revenue.report_generated,Payment provider ledger remains truth; deny-by-default; tenant_id required; audit on privileged action,Every row with tenant-owned data carries tenant_id; support/admin reads require scoped audited support_session_ref; client rows must bind actor_ref/client_ref.,report_generated|policy_decision_logged|correlation_id_required,PB_ERR_TENANT_SCOPE_DENIED|PB_ERR_AUTH_REQUIRED|PB_ERR_PAYMENT_REQUIRED|PB_ERR_AGREEMENT_REQUIRED|PB_ERR_PROVIDER_SYNC_FAILED,INC_PAYMENT_WEBHOOK_FAILURE|INC_REVENUE_RECONCILIATION_MISMATCH,"B-029 supports tenant-scoped happy path for Revenue Reporting || unauthorized actor is denied before mutation || forbidden cross-tenant access returns forbidden state and audit event || successful mutation emits expected domain event when applicable || UI exposes loading, empty, error, forbidden and success states || contract tests cover primary API endpoint and validation errors",Report matches payment refs|tenant_isolation|forbidden_state|audit_event|contract_validation|screen_state_render,PB-CURSOR-011,MVP-S2,Product Model Freeze|Feature Catalog|Tenant Blueprint|Enterprise Architecture Design Bundle v0.2|Closure Plan v0.3,CLOSED_FOR_G1_G4__REQUIRES_G5_G14_RECONCILIATION
